Abk;Name
A;Aggsbach Markt
A H1;Grimsing Hst
AA;W.Mat.-Altmannsdorf
AA G;Grenze ÖBB-WLB im km 7,610
AA Z9;Wr. Neudorf
AB;Aschbach
AB S11;Sbl Ab 1
AB S12;Sbl Ab 1
AB S21;Sbl Ab 2
AB S22;Sbl Ab 2
ABF;Abfaltersbach
ABF K1;Mittewald a.d.Drau H-Lst
ABN;AB (Fahrwegende)
ABZ;Maxing
ACH;Achau
AD;Admont
AF;Andorf
AF S11;Sbl Af 1
AF S12;Sbl Af 1
AG;Angern
AG H1;Stillfried Hst
AH;Absdorf-Hippersdorf
AH A1;AB
AH B11;Bl Ah 1
AH B12;Bl Ah 1
AH H1;Absberg Hst
AH H1K;Königsbrunn-Unterstockstall Hst
AH H2;Großwiesendorf-Tiefenthal Hst
AI;Aigen-Schlägl
AJ;Salzburg Aigen
AJ H1;Salzburg Süd Hst
AJ H2;Elsbethen Hst
AJ H3A;Puch Urstein Hst
AJ H4;Puch bei Hallein Hst
AJ H5;Oberalm Hst
AJ S11;Sbl Aj 1
AJ S12;Sbl Aj 1
AJ S21;Sbl Aj 2
AJ S22;Sbl Aj 2
AJ S61;Sbl Aj 6
AJ S62;Sbl Aj 6
AJ S71;Sbl Aj 7
AJ S72;Sbl Aj 7
AJ U5;Üst Aj 5
AK;Aurachkirchen
AK H1;Wankham Hst
AL;Angertal
AL Z1;Abzw Al 1
ALB;Schwechat-Wien Albern Hafen Lst
ALL;Allentsteig
ALP;Altpinkafeld
ALP A1;AB
ALP H1;Riedlingsdorf Hst
ALT;Alt Nagelberg
ALT L1;Brand Lst (Awanst)
ALU;AB Aluminiumwerk
AM;Altenmarkt-Thenneberg (Gf)
AMO;St Anton i M
AMO A1;AB Vandans
AMO A2;AB Rodund
AMO A3;AB Tschagguns
AMO H1;Vandans Hst
AMO H2;Kaltenbrunnen Hst
AMO K1;Tschagguns H-Lst
AMS;Amstetten
AMS A1;AB (Awanst)
AMS A2;AB (Awanst)
AMS A3;AB (Awanst)
AMS H1;Mauer-Öhling Hst
AMS H1U;Greinsfurth Hst
AMS H2;Aschbach Hst
AMS H3;Krenstetten-Biberbach Hst
AMS S11;Sbl Ams 1
AMS S12;Sbl Ams 1
AMS S31;Sbl Ams 3
AMS S32;Sbl Ams 3
AMS S81;Sbl Ams 12
AMS S82;Sbl Ams 12
AMS S83;Sbl Ams 13
AMS S84;Sbl Ams 13
AMS S85;Sbl Ams 15
AMS S86;Sbl Ams 15
AMS S87;Sbl Ams 16
AMS S88;Sbl Ams 16
AMS U14;Üst Ams 14
AMS U2;Üst Ams 2
AMS Z1;Abzw Ams 11
AN;St.Andrä im Lavanttal
AN H1;Mühldorf im Lavanttal Hst
ANT;Antiesenhofen
ANT A2;AB
ANT H1;Dietrichshofen Hst
ANT K1;Suben H-Lst (Awanst)
AO;St.Anton am Arlberg
AO S11;Sbl Ao 1
AO S12;Sbl Ao 1
AO U2;Üst Ao 2
AP;Aspang
APL;St.Pölten Alpenbf
APO;Abzw Bl 1
APO H1;Parndorf Ort Hst
APO H1H;Parndorf Ort Hst
AR;Ardning
ARB;Arbing
ARB H1;Perg Schulzentrum Hst
ASD;Aschach a.d.Donau
ASO;Abzw Sopron Rendezö
ASP;Asparn a.d.Zaya
AST;Asten-St Florian
AST H1;Linz Pichling Hst
AST H2;Linz Ebelsberg Hst
AST H2H;Linz Ebelsberg Hst
AST Z1;Abzw Ast 1
AST Z2;Abzww Str 20814
AST Z3;Anschluss Voest Alpine Linz III
AST Z4;Anschluss Voest Alpine Linz II
AST Z5;Anschluss Voest Alpine Linz I
AT;Attnang-Puchheim
AT H1;Lehen-Altensam Hst
AT H2;Wolfshütte Hst
AT S11;Sbl At 1
AT S12;Sbl At 1
ATH;Obernberg-Altheim
ATH H1;Mühlheim Hst
AU;Bad Aussee
AU H1;Obertraun-Koppenbrüllerhöhle Hst
AUZ;Ausschlag-Zöbern
AW;St.Andrä-Wördern
AW H1;Zeiselmauer-Königstetten Hst
AW H2;Muckendorf-Wipfing Hst
AW H3;Langenlebarn Hst
AW S11;Sbl Aw 1
AW S12;Sbl Aw 1
AW S31;Sbl Aw 3
AW S32;Sbl Aw 3
AW S41;Sbl Aw 4;
AW S42;Sbl Aw 4
AW U2;Üst Aw 2
AX;Saxen
AZ;Liesing-Nord
AZ H1;Liesing Wien Atzgersdorf Hst
B;Bludenz
B G;Grenze ÖBB-MBS Km 135,650
B H1;Nüziders Hst
B H1M;Bludenz Moos Hst
B H2M;Brunnenfeld Hst
B S11;Sbl B 1
B S12;Sbl B 1
B Z9;St.Anton i.M
BA;Breclav
BAG;Bad Gastein
BAH;Bad Hall
BAL;Bad St.Leonhard
BAL A1;AB (Awanst)
BAL A2;AB (Awanst)
BAL H1;Wiesenau Hst
BAL H2;Preblau-Sauerbrunn Hst
BAM;Bad Mitterndorf
BAM H1;Bad Mitterndorf-Heilbrunn Hst
BAU;Baumgartner
BB;Baumgartenberg
BBA;Bärnbach H-Lst
BBG;Bramberg
BBG H1A;Bramberg-St. Hst
BBG H2;Habachtal Hst
BBG H3;Neukirchen Vorst. Hst
BC;Buchs (SG)
BCH;Bichlbach-Berwang (Gf)
BCH H1H;Bichlbach-Almkopfbahn Hst
BCH H2H;Heiterwang-Plansee Hst
BCH H3;Bad Krekelmoos Hst
BCH H4;Reutte in Tirol Schulzentrum Hst
BDE;Bad Deutsch Altenburg
BE;Brennero/Brenner
BEH;Bernhardsthal Fbf Bernhardsthal Hst
BEL;Bernhardsthal Fbf
BEL G;Staatsgrenze nächst Bernhardsthal Fbf
BF;Baden Fbf, Pfaffstätten Hst
BF H1;Baden Hst
BF S21;Sbl Bf 2
BF S22;Sbl Bf 2
BF U1;Üst Bf 1
BG;Bregenz
BG H1;Bregenz Hafen Hst
BGL;Bergla
BGL A1;AB Gleinstätten
BGL H1;St Martin-Welsberg Hst
BGT;Baumgarten
BGT F1;ES J
BGT F2;AS H
BGT G;Staatsgrenze nächst Baumgarten
BH;Böheimkirchen
BH H1;Schildberg Hst
BH S11;Sbl Bh 1
BH S12;Sbl Bh 1
BHS;Berghaus Hochschneeberg
BI;Bischofstetten
BI H1;Teufelsdorf Hst
BIB;Bierbaum
BK;Bruck a.d.Mur-Fbf
BL;Bruck a.d.Leitha
BLE;Bleiburg
BLE A1;AB (Awanst)
BLE G;Staatsgrenze nächst Bleiburg
BLE H1;St.Michael ob Bleiburg Hst
BLE H2;Mittlern Hst
BLE Z9;Prevalje
BLI;Blindenmarkt
BLI S11;Sbl Bli 1
BLI S12;Sbl Bli 1
BLI S21;Sbl Bli 2
BLI S22;Sbl Bli 2
BLN;Blumau-Neurißhof Lst (AB)
BLS;Bruck a.d.Leitha-West
BLS A1;AB
BLS A2;AB
BLS A3;AB
BLS A4A;AB
BLS A5;AB
BLS E1;EK km 1,605
BLS L1;Rohrau Lst
BM;Bruck a.d.Mur
BM H1;Oberaich Hst
BM S11;Sbl Bm 1G
BM S12;Sbl Bm 1G
BM S13;Sbl Bm 1L
BM S14;Sbl Bm 1L
BM S33;Sbl Bm 3L
BM S34;Sbl Bm 3L
BM U2L;Üst Bm 2L
BNS;Bad Neusiedl am See
BO;Bischofshofen
BO A1;AB (Awanst)
BO H1;Mitterberghütten Hst
BO S11;Sbl Bo 1
BO S12;Sbl Bo 1
BO S31;Sbl Bo 3
BO S32;Sbl Bo 3
BO U2;Üst Bo 2
BOF;Bockfließ
BOF H2;Raggendorf Markt Hst
BOF K1;Auersthal H-Lst (Awanst)
BOZ;Fertöboz
BPA;Breclav pred
BRE;Breitenschützing
BRF;Bruck-Fusch
BRH;Bruckhäusl H-Lst (Awanst)
BRI;Brixlegg
BRI H1;Münster-Wiesing Hst
BRI S11;Sbl Bri 1
BRI S12;Sbl Bri 1
BRI S31;Sbl Bri 3
BRI S32;Sbl Bri 3
BRI U2;Üst Bri 2
BRN;Breitenbrunn
BRS;Breitstetten
BRS A1;AB
BRS H1;Straudorf Hst
BRS K2;Haringsee H-Lst
BRS K3;Kopfstetten-Eckartsau H-Lst
BRS K4;Loimersdorf H-Lst
BRU;Braunau am Inn
BRU G;Staatsgrenze nächst Braunau am Inn
BS;Böckstein
BS S11;Sbl Bs 1
BS S12;Sbl Bs 1
BS S21;Sbl Bs 2
BS S22;Sbl Bs 2
BS S31;Sbl Bs 3
BS S32;Sbl Bs 3
BS S41;Sbl Bs 4
BS S42;Sbl Bs 4
BT;Breitenstein
BT H1;Wolfsbergkogel Hst
BT S11;Sbl Bt 1
BT S12;Sbl Bt 1
BU;Brunn-Maria Enzersdorf
BVS;Bad Vöslau
BVS H1;Kottingbrunn Hst
BVS S11;Sbl Bvs 1
BVS S12;Sbl Bvs 1
BW;Wien Nordwestbf
BZ;Braz
BZ S11;Sbl Bz 1
BZ S12;Sbl Bz 1
CF;Zentralfriedhof
CF U1;Üst Cf 1
CHS;Schönau a.d.Enns
CV;Ceske Velenice
CV Z9;Ceske Velenice
D;Schwadorf (Gf)
DA;Dalaas
DE;Dellach im Drautal
DE H1;Berg im Drautal Hst
DF;Drosendorf (Gf)
DG;Dorfgastein
DGT;Dellach im Gailtal
DGT H1;St.Daniel Hst
DK;Deutschkreutz
DK A1A;AB
DK A2A;AB
DK L1;Neckenmarkt-Horitschon Lst
DK L2;Raiding-Lackendorf Lst
DK L3;Lackenbach Lst
DK L4;Markt St.Martin Lst
DK L5;Stoob Lst
DK L6;Oberpullendorf Lst
DK L7;Oberloisdorf Lst
DL;Wien Donaukaibf
DL A1;AB km 9,884
DL A2;AB km 10,742
DL A3;AB km 10,830
DL L1;Wien Freudenau Hafen Lst
DLB;Deutschlandsberg
DLB H1;Hollenegg Hst
DN;Dorneralpe
DNV;Devinska Nova Ves
DO;Dornbirn
DO H1;Haselstauden Hst
DO H2;Schwarzach in Vorarlberg Hst
DO S11;Sbl Do 1
DO S12;Sbl Do 1
DOB;Dobermannsdorf
DOE;Dölsach
DOE H1;Nikolsdorf Hst
DR;Arnoldstein
DR A1;AB (Awanst)
DR A2;AB (Awanst)
DR A3;AB (Awanst)
DRG;Drösing
DU;Dürnstein-Oberloiben
DUE;Dürnkrut
DUE H1;Jedenspeigen Hst
DUE H2;Sierndorf a.d.March Hst
DV;Leoben Donawitz
E;Eisenstadt
E G;Grenze ÖBB-ROeEE
E H1;Wulkaprodersdorf Haltestelle Hst
EBN;Eben im Pongau
EBN H1;Niedernfritz-St.Martin Hst
EBR;Ebreichsdorf
EBR H1;Weigelsdorf Hst
EBS;Eberstein H-Lst
EBS A1;AB
EBS H1;St.Walburgen Hst
EBS K1;Brückl H-Lst
ECO;Eco Plus
ED;Obereggendorf
ED H1;Wiener Neustadt Civitas Nova Hst
ED Z1;Abzw Ed 1
EDB;Ederbauer
EDB H1;Oberhofen-Zell am Moos Hst
EDB S11;Sbl Edb 1
EDB S12;Sbl Edb 1
EDL;Edlitz-Grimmenstein
EDL A1;AB (Awanst)
EDL A2;AB (Awanst)
EDO;Etsdorf-Straß
EF;Ebenfurth
EF A1;AB (Awanst)
EF G;Grenze ÖBB-RoeEE Km 115,331
EF H1;Untereggendorf Hst
EFD;Eferding
EFD A1;AB
EFD H2;Leumühle Hst
EFD H3;Pupping Hst
EFD H4;Karling Hst
EG;St.Egyden
EG S11;Sbl Eg 1
EG S12;Sbl Eg 1
EGG;Eggenburg
EGG H1;Kl.Meiseldorf-M.Dreieichen Hst
EGG S11;Sbl Egg 1
EGG S12;Sbl Egg 1
EH;Ehrwald-Zugspitzbahn
EIB;Eichberg
EIB S11;Sbl Eib 1
EIB S12;Sbl Eib 1
EIH;Eichhorn
EIS;Eisenerz
EIS A1A;AB
EL;Wien Erdbergerlände
EL H1;Praterkai Hst
EL H2;Lobau Hst
EL S11;Sbl El 1
EL S12;Sbl El 1
EL S21;Sbl El 2
EL S22;Sbl El 2
ELA;Erlach
ELA H1;Brunn a.d.Pitten Hst
EM;Fertöszentmiklos
EMD;Emmersdorf a.d.Donau
EN;Ebensee
EN H1;Ebensee Landungsplatz Hst
EN H2;Traunkirchen Ort Hst
EN S11;Sbl En 1
EN S12;Sbl En 1
ENG;Engelhartstetten
ENH;Engelhof
ENH H1A;Lembergweg Hst
ENH H2;Gmunden Traundorf Hst
ENS;Enns
ENS H1;Asten-Fisching Hst
ENS S11;Sbl Ens 1
ENS S12;Sbl Ens 1
ENZ;Enzersdorf bei Staatz
ENZ H1;Kottingneusiedl Hst
ENZ K1;Staatz H-Lst
ER;Altmünster am Traunsee
ERB;Ernstbrunn
ERB E1;EK km 30,064
ERF;Erlauf
ERF A1;AB
ERF A2;AB
ERF H1;Petzenkirchen Hst
ERN;Ernsthofen
ERN H1;Dorf a.d.Enns Hst
ERN S11;Sbl Ern 1
ERN S12;Sbl Ern 1
ES;Eis-Ruden
ES H1;Aich im Jauntal Hst
ES K1;Bleiburg Stadt H-Lst
ESU;Eisenstadt Schule Hst
EW;Eberschwang
EW A1;AB
EW H1;Oberbrunn Hst
EWE;Eisenwerk Welser
EY;St.Aegyd am Neuwalde
EZ;Enzesfeld-Lindabrunn
EZ A1;AB
EZ H1;Hirtenberg Hst
EZ H2;St.Veit a.d.Triesting Hst
F;Floridsdorf
F H1;Floridsdorf Siemensstraße Hst
F H1S;Floridsdorf Brünner Straße Hst
FA;Frastanz
FA S11;Sbl Fa 1
FA S12;Sbl Fa 1
FAM;Fischamend
FAS;Faak am See
FB;Feldbach
FB G;Grenze ÖBB-STLB Km 197,818
FB H1;Lödersdorf Hst
FB Z9;Bad Gleichenberg
FCH;Flirsch
FCH A1;AB (Awanst, UW)
FCH H1;Schnann Hst
FCH H2;Pettneu Hst
FCH S31;Sbl Fch 3
FCH S32;Sbl Fch 3
FCH U2;Üst Fch 2
FCH Z1;Abzw Fch 1
FD;Friedberg
FD A1;AB
FD H1;Pinggau Freiz. Hst
FD H1H;Dechantskirchen Hst
FE;St.Peter-Freienstein
FE H1;St.Peter-Fr. Ort Hst
FEG;Fehring
FEG H1;Hohenbrugg a.d.Raab Hst
FEI;Feistritz im Rosental (Gf)
FEI A1;AB
FEI H1;Feistritz im Rosental West Hst
FEI H2;Suetschach Hst
FEI H3;Ladinach Hst
FEI H4;Maria Elend im Rosental Hst
FEL;Feldkirchen in Kärnten
FEL H1;Tiffen Hst
FER;Ferlach Lst
FES;Fentsch-St.Lorenzen
FH;Furth-Palt
FH H1;Furth-Göttweig Hst
FH H2;Klein Wien Hst
FI;Friesach
FI A1;AB (Awanst)
FI H1;Micheldorf-Hirt Hst
FI L2;Hirt Lst (Awanst)
FI S11;Sbl Fi 1
FI S12;Sbl Fi 1
FIB;Bad Fischau-Brunn
FIB H1;Brunn/Schneebergbahn Hst
FIE;Fieberbrunn
FIE H1;Grieswirt Hst
FIE S11;Sbl Fie 1
FIE S12;Sbl Fie 1
FK;Feldkirch
FK A1;AB (Awanst)
FK A2;AB (Awanst)
FK G;Staatsgrenze nächst Feldkirch
FK H1;Feldkirch-Amberg Hst
FK H1N;Altenstadt Hst
FK H2N;Gisingen Hst
FK H3N;Tisis Hst
FK H4N;Schaanwald Hst
FK S11;Sbl Fk 1
FK S12;Sbl Fk 1
FK S91;Sbl Fk 1N
FK S92;Sbl Fk 1N
FK S93;Sbl Fk 2N
FK S94;Sbl Fk 2N
FLB;Feldbach Landesbahn
FLD;Felixdorf
FLD A1;AB
FLD A2;AB
FLD A3;AB
FLD E1;EK km 0,269
FLD H1;Theresienfeld Hst
FLD H2;Wiener Neustadt Nord Hst
FLD S11;Sbl Fld 1
FLD S12;Sbl Fld 1
FLD S31;Sbl Fld 3
FLD S32;Sbl Fld 3
FLD U2;Üst Fld 2
FM;Frankenmarkt
FM H1;Pöndorf Hst
FM S11;Sbl Fm 1
FM S12;Sbl Fm 1
FM S31;Sbl Fm 3
FM S32;Sbl Fm 3
FM U2;Üst Fm 2
FN;Villach Süd Gvbf-Fürnitz
FN H1;Neuhaus a.d.Gail Hst
FOE;Föderlach
FOE H1;Villach Seebach Hst
FOE S11;Sbl Foe 1
FOE S12;Sbl Foe 1
FR;Freistadt
FR S11;Sbl Fr 1
FR S12;Sbl Fr 1
FRA;Frantschach-St.Gertraud
FRA A1;AB
FRD;Freiland
FRF;Frankenfels (Gf)
FRF H1;Boding Hst
FRK;Frauenkirchen
FRO;Frohnleiten
FRO S11;Sbl Fro 1
FRO S12;Sbl Fro 1
FRT;Frauental-Bad Gams
FS;Fels
FS H1;Wagram-Grafenegg Hst
FS L1;Wagram-Grafenegg Lst (Awanst)
FT;Frättingsdorf
FU;Frauenberg a.d.Enns
FUE;Fürstenfeld
FUE A1;AB (Awanst)
FUE H1;Übersbach Hst
FUK;Fürth-Kaprun
FUK A1;AB
FUR;Furthof
FUR A1;AB
FUR H1;Innerfahrafeld Hst
FW;Fritzens-Wattens
FW H1;Volders-Baumkirchen Hst
FW S11;Sbl Fw 1
FW S12;Sbl Fw 1
FW S33;Sbl Fw 13
FW S34;Sbl Fw 13
FW S53;Sbl Fw 15
FW S54;Sbl Fw 15
FW U14;Üst Fw 14
FW U3;Üst Fw 3
FW Z2;Abzw Fw 2
FWA;Feuerwerksanstalt
FWA H1;Bad Fischau Hst
FWS;Flughafen Wien-Schwechat
FWS A1;AB
FWS A1A;AB
FWS A2;AB
FWS A3;AB
FWS A4L;AB
FWS A5;AB
FWS A6;AB
FWS E1;EK km 17.388
FWS E2;EK km 22,297
FWS F1;ES Y
FWS L1;Fischamend StEG Lst
FWS L2;Klein Neusiedl Lst
FWS L3;Schwadorf a.d.Fischa Lst
FWS Z1;Abzww Str 192
G;Graz Hbf
G A2;AB (Awanst)
G G;Grenze ÖBB-GKB im km 211,617
G H2;Graz Don Bosco Hst
G L1;Graz Hart Lst (Awanst)
G Z1;Abzw G 1
GA;Gaisbach-Wartberg
GA H1;Schloß Haus Hst
GAE;Gänserndorf
GAE A1;AB (Awanst)
GAE H1;Weikendorf-Dörfles Hst
GAE H1M;Weikendorf Hst
GAE H2;Tallesbrunn Hst
GAE H2A;Matzen Hst
GAE H2M;Stripfing Hst
GAE H3A;Raggendorf Hst
GAE K1A;Prottes H-Lst (Awanst, AB)
GAE S91;Sbl Gae 1S
GAE S92;Sbl Gae 1S
GAI;Gaishorn
GAS;Gars-Thunau
GAS H1;Buchberg Hst
GAW;Gaweinstal H-Lst (Awanst)
GB;Gstatterboden im Nationalpark
GB H1;Johnsbach im Nationalpark Hst
GBG;Bad Gleichenberg
GBK;Grein-Bad Kreuzen
GBK H1;Dornach Hst
GD;Grafendorf
GDF;Großendorf
GDF H1;Wiesmühle Hst
GDN;Gladen Hst
GDN H1;Hafning Hst
GDN H2;Friedauwerk Hst
GE;Gesäuse Eingang
GED;Groß Engersdorf
GEF;Gerasdorf
GEF H1;Kapellerfeld Hst
GEF H2;Seyring Hst
GEF H3;Obersdorf Hst
GEF S11;Sbl Gef 1
GEF S12;Sbl Gef 1
GEF S32;Sbl Gef 3
GEF S91;Sbl Gef 3
GEF U2;Üst Gef 2
GER;Gerichtsberg (Gf)
GES;Grein Stadt
GF;Göpfritz
GF A1;AB (Awanst)
GF L1;Groß Siegharts Lst (AB)
GF L2;Raabs Lst
GFL;Groß St Florian
GG;Golling-Abtenau
GG A1;AB (Awanst)
GG A1A;AB (Awanst)
GG K2;Tenneck H-Lst (Awanst)
GG L1;Sulzau Lst (Awanst)
GG S11;Sbl Gg 1
GG S12;Sbl Gg 1
GG S31;Sbl Gg 3
GG S32;Sbl Gg 3
GG S51;Sbl Gg 5
GG S52;Sbl Gg 5
GG U2;Üst Gg 2
GG U4;Üst Gg 4
GH;Szentgotthard
GH Z9;Szombathely
GI;Graz-Vbf
GJ;Goisern Jodschwefelbad
GJ H1;Lauffen Hst
GK;Grieskirchen-Gallspach
GK A1;AB (Awanst)
GK H1;Obertrattnach-M Hofk Hst
GK S11;Sbl Gk 1
GK S12;Sbl Gk 1
GK S31;Sbl Gk 3
GK S32;Sbl Gk 3
GK U2;Üst Gk 2
GKF;Graz Köflacherbf
GKF F1;Graz Köflacherbf Vorbf
GKF H1;Graz Wetzelsdorf Hst
GKF H2;Graz Webling Hst
GKF S1;Sbl Sgg 1
GKN;W.Mat.-Gleiskreuzung Nord
GL;Linz Vbf-Gleisdreieck
GL Z1;Abzww 1 Ch
GLA;Glanegg
GLA H1;Mautbrücken Hst
GLD;Gleisdorf
GLD A1;AB (Awanst)
GLD A2;AB (Awanst)
GLD A3;AB (Awanst)
GLD B11;Bl Gld 1
GLD B12;Bl Gld 1
GLD G;Grenze ÖBB-STLB Km 221,449
GLD H1;Kroisbach-Zöbing Hst
GLD K1;Takern-St.Margarethen H-Lst
GLD Z9;Weiz
GLO;Gloggnitz
GLO A1;AB (Awanst, UW, AB)
GLO H1;Schlöglmühl Hst
GLO S11;Sbl Glo 1
GLO S12;Sbl Glo 1
GLO S21;Sbl Glo 2
GLO S22;Sbl Glo 2
GM;Gmünd N.Ö.
GM A1N;AB (Awanst)
GM E1;Km 2.093
GM G;Staatsgrenze nächst Gmünd N.Ö.
GM H1;Ehrendorf Hst
GM H2;Dietmanns Hst
GM H3;Eichberg bei Weitra Hst
GM K1;Alt-Weitra H-Lst (Awanst)
GMI;Graz-Fbf
GMS;Gmunden Seebf
GN;Gramatneusiedl
GN H1;Reisenberg-Marienthal Hst
GN S11;Sbl Gn 1
GN S12;Sbl Gn 1
GNG;Gösing (Gf)
GNG H1;Wienerbruck-Josefsberg Hst
GNG H2;Erlaufklause Hst
GNG K1;Annaberg H-Lst
GO;Gols
GO H1;Mönchhof Hst
GOB;Graz Ostbf
GOB A1;AB (Awanst)
GOE;Götzendorf
GOE H1;Sarasdorf Hst
GOE H1A;Trautmannsdorf a.d.L. Hst
GOE H2;Wilfleinsdorf Hst
GOE L1;Gleisende km 29,074
GOE S11;Sbl Goe 1
GOE S12;Sbl Goe 1
GOE S31;Sbl Goe 3
GOE S32;Sbl Goe 3
GOE U2;Üst Goe 2
GOF;Gosdorf
GOF H1;Diepersdorf Hst
GOF H2;Weixelbaum a.d.Mur Hst
GOF H3;Purkla Hst
GOI;Bad Goisern
GOL;Bruckberg Golfplatz
GOR;St.Georgen am Reith
GOR H1;Obereinöd Hst
GOR H2;Königsberg Hst
GOR K1;Blamau H-Lst
GOS;Göstling a.d.Ybbs
GOS H1;Kogelsbach Hst
GOT;Götzis
GOT A1;AB (Awanst)
GOT H1;Altach Hst
GP;Garmisch-Partenkirchen
GP H1;Untergrainau Hst
GR;Göllersdorf
GR H1;Breitenwaida Hst
GR S11;Sbl Gr 1
GR S12;Sbl Gr 1
GRA;Grafenstein
GRA H1;Klagenfurt Ebenthal Hst
GRB;Gröbming
GRB H1;Pruggern Hst
GRB H2;Aich-Assach Hst
GRE;Greifenburg-Weißensee
GRF;Grafenschlag
GRF E1;EK km 41,098
GRG;Groß Gerungs
GRH;Großhollenstein
GRH H1;Saimannslehen Hst
GRH H2;Kleinhollenstein Hst
GRH H3;Hohenlehen Hst
GRH H4;Seeburg Hst
GRL;Gralla
GRL H1;Kaindorf a.d.Sulm Hst
GRM;Großraming
GRM H1;Küpfern Hst
GRN;Gresten-Gleisgr 101
GRO;Griesen (Oberbay)
GRO G;Staatsgrenze nächst Erwald-Zugspitzbahn
GRR;Großreifling
GRS;Groß Schweinbarth
GRU;Grünbach am Schneeberg
GRU A1;AB
GRU H1;Grünbach Schule Hst
GRU H2;Grünbach Kohlenwerk Hst
GRU H3;Pfennigbach Hst
GS;Klein Schwechat-Groß Schwechat
GST;Garsten
GST H1;Sand Hst
GSY;Gstadt
GSY H1;Kreilhof Hst
GSY H2;Vogelsang Hst
GT;Gutenstein
GTF;Görtschach-Förolach
GTF H1;Pressegger See Hst
GTF H2;Vellach-Khünburg Hst
GTT;Gattendorf
GTT H1;Pama Hst
GTT L1;Pama Lst (Awanst)
GU;Gummern
GU A1;AB (Awanst)
GU S11;Sbl Gu 1
GU S12;Sbl Gu 1
GU Z2;Abzw Gu 2
GUD;Guntersdorf
GUD H1;Zellerndorf Platt Hst
GUE;Grünau im Almtal
GUH;Gundersheim
GUK;Guntramsdorf-Kaiserau
GUK A1;AB
GUK H1;Guntramsdorf-Kaiserau Hst
GUK H2;Möllersdorf Aspangbahn Hst
GUN;Gunskirchen
GUN S11;Sbl Gun 1
GUN S12;Sbl Gun 1
GUR;Gurten
GUR A1;AB (Awanst)
GUR H1;Geinberg Hst
GW;Gratwein-Gratkorn
GW H1;Judendorf-Straßengel Hst
GW S11;Sbl Gw 1
GW S12;Sbl Gw 1
GWB;Gaweinstal Brünnerstraße
GZ;Gmunden
GZ H1;Pinsdorf Hst
H;Hall in Tirol
H A1;AB (Awanst)
H H1;Rum Hst
H S11;Sbl H 1
H S12;Sbl H 1
H S31;Sbl H 3
H S32;Sbl H 3
H U2;Üst H 2
HA;Haag
HA H1;Stadt Haag Hst
HA S11;Sbl Ha 1
HA S12;Sbl Ha 1
HA S31;Sbl Ha 3
HA S32;Sbl Ha 3
HA U2;Üst Ha 2
HAD;Haiding
HAD A1;AB (Awanst)
HAD H1;Breitwiesen Hst
HAD H2;Finklham Hst
HAD H3;Breitenaich Hst
HAD H4;Kalköfen-Daxberg Hst
HAD H5;Lahöfen Hst
HAD S11;Sbl Had 1
HAD S12;Sbl Had 1
HAD U2;Üst Had 2
HAF;Haugsdorf
HAH;Haslach
HAI;Hainburg a.d.Donau Fbf
HAI A1;AB (Awanst)
HAI H1;Hainburg a.d.Donau Personenbf Hst
HAI H2;Hainburg a.d.Donau Ungartor Hst
HAK;Wien Brigittenau Handelskai Hst
HAL;Halbenrain
HAR;Hartberg
HAR H1;Buch Hst
HAR H2;Geiseldorf Hst
HAU;Haus
HAZ;Hauslitzsattel
HAZ H1;Hengsthütte Hst
HB;Hüttenberg H-Lst
HB H1;Wieting Hst
HB K1;Mösel H-Lst
HBA;Hollersbach
HBA H1;Dorf Paßthurn Hst
HBA L1;Hollersbach Lst
HBP;Heiligenkreuz-Businesspark
HCH;Hochfilzen
HCH H1;Pfaffenschwendt Hst
HCH S11;Sbl Hch 1
HCH S12;Sbl Hch 1
HDV;Horni Dvoriste
HDV Z9;Horni Dvoriste
HE;Hegyeshalom
HER;Hermagor
HER H1;Postran Hst
HER H2;Watschig Hst
HER H3;Tröpolach Hst
HET;W.Mat.-Wien Hetzendorf
HF;Wien Hütteldorf
HF H1A;Wien Speising Hst
HF H1H;Wien Hadersdorf Hst
HF H2H;Wien Weidlingau Hst
HF H3H;Purkersdorf Sanatorium Hst
HF S11;Sbl Hf 1
HF S12;Sbl Hf 1
HF S13;Sbl Hf 21
HF S14;Sbl Hf 21
HF S21;Sbl Hf 2
HF S22;Sbl Hf 2
HF S25;Sbl Hf 2
HF S26;Sbl Hf 2
HF U22;Üst Hf 22
HF Z1;Abzw Hf 1
HFA;Hadersdorf am Kamp
HFA H1;Rohrendorf Hst
HFA K1;Gedersdorf H-Lst (Awanst)
HFA S11;Sbl Hfa 1
HFA S12;Sbl Hfa 1
HFS;Wien Hausfeldstraße Hst
HG;Bad Hofgastein
HG H1;Bad Hofgastein Hst
HG Z1;Abzw Hg 1
HGR;Hötzelsdorf-Geras
HGR S11;Sbl Hgr 1
HGR S12;Sbl Hgr 1
HI;Hieflau
HI W1;Hieflau Abzweigweiche
HIM;Himberg
HIM S11;Sbl Him 1
HIM S12;Sbl Him 1
HIN;Hintergasse
HK;Hilm-Kematen
HK A1;AB (Awanst)
HK H1;Rosenau Hst
HK H2;Sonntagberg Hst
HK H3;Böhlerwerk a.d.Ybbs Hst
HKA;Harka
HKA G;Staatsgrenze nächst Deutschkreutz
HL;Hallein
HL H1A;Hallein Burgfried Hst
HL H2A;Bad Vigaun Hst
HL H3;Kuchl Garnei Hst
HL H5;Kuchl Hst
HL L4;Kuchl Lst (Awanst)
HL S11;Sbl Hl 1
HL S12;Sbl Hl 1
HL S21;Sbl Hl 2
HL S22;Sbl Hl 2
HL S41;Sbl Hl 4
HL S42;Sbl Hl 4
HL S51;Sbl Hl 5
HL S52;Sbl Hl 5
HL U3;Üst Hl 3
HLU;Maria Ellend-Haslau
HM;Hetzmannsdorf-Wullersdorf
HN;Hainfeld (Gf)
HN H1;Rohrbach a.d.Gölsen Hst
HN H2;Rainfeld-Klein Zell Hst
HNA;Horn
HND;Hennersdorf
HNS;Hernals
HO;Herzogenburg
HO A2;AB (Awanst)
HO H1;Ober Radlberg Hst
HO K1;Unter Radlberg H-Lst (Awanst)
HOB;Hohenberg
HOE;Hörsching
HOE H1;Oftering Hst
HOE S11;Sbl Hoe 1
HOE S12;Sbl Hoe 1
HOE S21;Sbl Hoe 2
HOE S22;Sbl Hoe 2
HOG;Hofstetten-Grünau (Gf)
HOG H1;Mainburg Hst
HOH;Herzogenburg-Süd
HOL;Hochzirl
HOL H1;Leithen Hst
HOM;Hörmanns
HOM H1;Groß Haslau Hst
HOM H1A;Groß Globnitz Hst
HOM H2;Gerotten Hst
HON;Holzleithen
HOS;Hohenems
HOS A1;AB (Awanst)
HOS H1;Hatlerdorf Hst
HOS H2;Dornbirn-Schoren Hst
HOS S11;Sbl Hos 1
HOS S12;Sbl Hos 1
HP;Hopfgarten
HP U1;Üst Hp 1
HR;Hieflau Vbf
HRD;Hohenruppersdorf H-Lst
HS;Hausruck (Gf)
HSC;Hochschneeberg
HST;Hinterstoder
HT;Heiligenstadt
HT H1;Oberdöbling Hst
HT H2;Krottenbachstraße Hst
HT H3;Gersthof Hst
HT S11;Sbl Ht 1
HT S12;Sbl Ht 1
HT S21;Sbl Ht 2
HT S22;Sbl Ht 2
HT U3;Üst Ht 3
HU;Hutten
HU H1;Unter Oberndorf Hst
HU H2;Maria Anzbach Hst
HU H3;Hofstatt Hst
HU H4;Neulengbach Stadt Hst
HU S11;Sbl Hu 1
HU S12;Sbl Hu 1
HU S21;Sbl Hu 2
HU S22;Sbl Hu 2
HUE;Hüttau Terminal
HW;Hallwang-Elixhausen
HW H1;Salzburg Kasern Hst
HW S11;Sbl Hw 1
HW S12;Sbl Hw 1
HW U2;Üst Hw 2
HW Z3;Abzw Hw 3
HZ;Wien Praterstern-Wien Mitte
I;Innsbruck Hbf
I A1;AB (Awanst, UW)
I A2;AB (Awanst)
I H1;Unterberg-Stefansbrücke Hst
I H2;Patsch Hst
I U2;Üst I 2
I U3;Üst I 3
I Z1;Abzw I 1
ID;Blumental
IDB;In der Bruck
IF;Bad Ischl Frachtenbf
IH;Innsbruck Hbf-Hötting
IH H1;Allerheiligenhöfe Hst
IH H2;Kranebitten Hst
IL;Bad Ischl
IL A1;AB (Awanst)
IM;Imst-Pitztal
IM A1;AB
IM B11;Bl Im 1
IM B12;Bl Im 1
IM H1;Imsterberg Hst
IRN;Irnfritz
IRN S11;Sbl Irn 1
IRN S12;Sbl Irn 1
ITZ;Salzburg Itzling
ITZ G;Grenze ÖBB - SLB
IZ;Inzersdorf Ort
IZO;Inzersdorf Ort-Ost
J;Floridsdorf-Jedlersdorf
J H1;Langenzersdorf Hst
J H2;Bisamberg Hst
J S11;Sbl J 1
J S12;Sbl J 1
JB;Jenbach
JB H1;Stans bei Schwaz Hst
JB S11;Sbl Jb 1
JB S12;Sbl Jb 1
JB S31;Sbl Jb 3
JB S32;Sbl Jb 3
JB U2;Üst Jb 2
JD;Jennersdorf
JD G;Staatsgrenze nächst Jennersdorf
JD H1;Weichselbaum a.d.Raab Hst
JG;Judenburg
JH;St.Johann i.d.Haide H-Lst (Awanst)
JP;St.Johann im Pongau
JP S11;Sbl Jp 1
JP S12;Sbl Jp 1
JP S21;Sbl Jp 2
JP S22;Sbl Jp 2
JS;Jesenice
JTI;St.Johann in Tirol
JTI A1;AB (Awanst)
JTI A2;AB (Awanst)
JTI H1;Oberndorf in Tirol Hst
JTI S11;Sbl Jti 1
JTI S12;Sbl Jti 1
K;Kufstein
K A1;AB (Awanst)
K G;Staatsgrenze nächst Kufstein
K H1;Schaftenau Hst
K H2;Langkampfen Hst
K S11;Sbl K 1
K S12;Sbl K 1
K S31;Sbl K 3
K S32;Sbl K 3
K U2;Üst K 2
KA;Kapfenberg
KAG;Kalwang
KAG S11;Sbl Kag 1
KAG S12;Sbl Kag 1
KAI;Kainisch
KAI A1;AB
KAL;Kalsdorf
KAM;Kadolz-Mailberg
KAM E1;EK km 148,691
KAP;Kapellen
KAP A1;AB
KAP H1;Hirschbachbrücke Hst
KAP H2;Arzbach Hst
KAS;Kalsdorf-Süd
KAT;Kalsdorf-Terminal
KB;Kaumberg
KB H1;Kaumberg Markt Hst
KBN;Kaltenbrunn (Oberbay)
KCH;Kirchberg am Wagram
KD;Knittelfeld
KD A1;AB (Awanst)
KD A2;AB (Awanst)
KD H1;Spielberg Hst
KD S11;Sbl Kd 1
KD S12;Sbl Kd 1
KE;Krieglach
KEK;Kematen a. d. Krems
KEL;Kleblach-Lind
KEL A1;AB (Awanst)
KEL H1;Markt Sachsenburg Hst
KEN;Klosterneuburg-Weidling
KEN H1;Klosterneuburg-Kierling Hst
KEN H2;Unter Kritzendorf Hst
KEN S11;Sbl Ken 1
KEN S12;Sbl Ken 1
KF;Kefermarkt
KF H1;Lasberg-St.Oswald Hst
KF S11;Sbl Kf 1
KF S12;Sbl Kf 1
KFL;Köflach
KFT;Krift
KG;Kleinreifling
KI;Kindberg
KI H1;Allerheiligen-Mürzhofen Hst
KI S11;Sbl Ki 1
KI S12;Sbl Ki 1
KIE;Kienberg-Gaming
KIG;Kirchbach im Gailtal
KIG H1;Reisach Hst
KIK;Kirchdorf a. d. Krems
KIL;Kilb
KIL H1;Heinrichsberg Hst
KIP;Kirchberg/P.
KIP H1;Schwerbach Hst
KIR;Kirchbichl
KIR S11;Sbl Kir 1
KIR S12;Sbl Kir 1
KIT;Kirchberg in Tirol
KIT B11;Bl Kit 1
KIT B12;Bl Kit 1
KIT H1;Brixen im Thale Hst
KIT H1A;Westendorf Hst
KIT H2;Windau Hst
KIT H3;Hopfgarten Berglift Hst
KIT S31;Sbl Kit 3
KIT S32;Sbl Kit 3
KIT S41;Sbl Kit 4
KIT S42;Sbl Kit 4
KIT Z2;Abzw Kit 2
KL;Kolbnitz
KL H1;Mühldorf-Möllbrücke Hst
KL S11;Sbl Kl 1
KL S12;Sbl Kl 1
KL Z2;Abzw Kl 2
KLA;Klais
KLE;Klein Pöchlarn
KLF;Klein Schwechat Kaiserebersdorf Hst
KLG;Klangen (Gf)
KLG H1;Weinburg Hst
KLG H2;Kammerhof Hst
KLN;Klein Schönau
KLS;Klein Schwechat
KLS H2;Klein Schwechat Mannswörth Hst
KLS S11;Sbl Kls 1
KLS S12;Sbl Kls 1
KLS S21;Sbl Kls 2
KLS S22;Sbl Kls 2
KMS;Kammer-Schörfling
KN;Wörgl Kundl
KO;Korneuburg
KO A1;AB
KO A1A;AB (Awanst)
KO A2;AB
KO A3;AB
KO A4;AB
KO B11;Bl Ko 1
KO B12;Bl Ko 1
KO H1;Leobendorf-Burg Kreuzenstein Hst
KO H2;Spillern Hst
KOM;Kötschach-Mauthen
KR;Krems a.d.Donau
KR H1;Campus Krems-Kunstmeile Krems Hst
KRA;Kraubath
KRA A1;AB
KRA H1;Preg Hst
KRA U1;Üst Kra 1
KRD;Krumpendorf
KRD H1;Pritschitz Hst
KRE;Kremsmünster
KRE A1;AB (Awanst)
KRL;Krimml
KRN;Krems a.d.Donau-Nord
KRO;Krottendorf-Ligist
KRO H1;Gaisfeld Hst
KRO K1;Krems in Steiermark H-Lst
KRT;Kirchstetten
KRT S11;Sbl Krt 1
KRT S12;Sbl Krt 1
KRV;Krems a.d.Donau-Vorbf
KS;Klamm-Schottwien
KS S11;Sbl Ks 1
KS S12;Sbl Ks 1
KSP;Klein St.Paul Hst
KSP H1;Hornburg Hst
KT;Klagenfurt Hbf
KT H1;Klagenfurt Lend Hst
KT H2;Viktring Hst
KT S11;Sbl Kt 1
KT S12;Sbl Kt 1
KTO;Klagenfurt Hbf-Ostbf
KTT;Kittsee
KTT G;Staatsgrenze nächst Kittsee
KU;Tauplitz
KU H1;Schiflugschanze Kulm Hst
KUE;Linz Kleinmünchen
KUE S11;Sbl Kue 1
KUE S12;Sbl Kue 1
KUN;Küpfern
KUS;Klaus
KW;Klein Wolkersdorf
KZ;Kritzendorf
KZ H1;Höflein a.d.Donau Hst
KZ H2;Greifenstein-Altenberg Hst
KZ S11;Sbl Kz 1
KZ S12;Sbl Kz 1
KZ S21;Sbl Kz 2
KZ S22;Sbl Kz 2
KZB;Kitzbühel
KZB H1;Kitzbühel Hahnenkamm Hst
KZB H2;Schwarzsee Hst
KZB S11;Sbl Kzb 1
KZB S12;Sbl Kzb 1
L;Lindau Hbf
L Z9;Lindau-Aeschach
LA;Lambach
LA A1S;AB (Awanst)
LA H1;Lambach Markt Hst
LA H2;Neukirchen bei Lambach Hst
LAA;Laa a.d.Thaya
LAA A1;AB
LAD;Launsdorf-H.
LAD H1;St.Georgen am Längsee Hst
LAD S11;Sbl Lad 1
LAD S12;Sbl Lad 1
LAE;Laubenbachmühle
LAE H1;Unter Buchberg Hst
LAE K1;Winterbach H-Lst
LAE K2;Puchenstuben H-Lst
LAG;Langschlag
LAG H1;Harruck Hst
LAH;Laßnitzhöhe
LAH B11;Bl Lah 1
LAH B12;Bl Lah 1
LAH H1;Laßnitzthal Hst
LAK;Laakirchen
LAK A1;AB
LAM;Lavamünd H-Lst
LAN;Langen am Arlberg
LAN Z1;Abzw Lan 1
LAS;Laa a.d.Thaya Stadt
LAS E1;EK km 133,662
LAU;Langau
LAU H1;Geras-Kottaun Hst
LAW;Langwies
LAW A1;AB (Awanst)
LAW A2;AB
LAW H1;Lahnstein Hst
LAW H2;Steinkogl Hst
LB;Leobersdorf
LB H1;Sollenau Hst
LB H1H;Sollenau Hst
LB S11;Sbl Lb 1
LB S12;Sbl Lb 1
LB S21;Sbl Lb 2
LB S22;Sbl Lb 2
LBO;Lieboch
LBO A1;AB
LBO A2;AB
LBO H1;Lieboch Schadendorf Hst
LC;Lochau-Hörbranz
LC G;Staatsgrenze nächst Lochau-Hörbranz
LC S12;Sbl Lc 1
LCA;Linz Chemie
LCR;Linz Vbf-Logistikcenter
LD;Lend
LD H1;Eschenau Hst
LD S11;Sbl Ld 1
LD S12;Sbl Ld 1
LDF;Ladendorf
LDF H1;Paasdorf Hst
LDF S11;Sbl Ldf 1
LDF S12;Sbl Ldf 1
LE;Landeck - Zams
LE S11;Sbl Le 1
LE S12;Sbl Le 1
LEB;Leoben Hbf
LEB U1;Üst Leb 1
LEB Z2;Abzw Leb 2
LEG;Leoben Göss
LEG S11;Sbl Leg 1
LEG S12;Sbl Leg 1
LEH;Leoben Hinterberg
LEH S11;Sbl Leh 1
LEH S12;Sbl Leh 1
LEI;Leibnitz
LEO;St.Leonhard/F.
LEO A1;AB
LER;Lermoos (Gf)
LER H1;Lähn Hst
LEZ;Ledenitzen
LEZ H1;Winkl im Rosent. Hst
LEZ S11;Sbl Lez 1
LEZ S12;Sbl Lez 1
LF;Lahrndorf
LF H1;Dürnbach Hst
LFG;Liefering
LFS;Linz Vbf-Franckstraße
LG;Liesing
LG A1;AB
LG H1;Perchtoldsdorf Hst
LG W1;Weiche 6Z
LGF;Liesing-Fbf
LHA;Linz Vbf-Stadthafen
LHA E1;EK Hauptstraße
LHA E2;EK Stadlbauerstraße
LHA F1;Donaubrücke
LHA F2;Donaubrücke
LHA Z1;Anschluß Wirtschaftshof
LIE;Lienz
LIE A1;AB (Awanst)
LIE A1A;AB (Awanst)
LIE A2;AB (Awanst)
LIE A3;AB (Awanst)
LIF;Liebenfels
LIF H1;Tauchendorf-Haidensee Hst
LIL;Lilienfeld
LIL A1;AB
LIL A2;AB
LIL H1;Marktl Hst
LIL H2;Traisen Markt Hst
LIM;Limberg-Maissau
LIM B11;Bl Lim 1
LIM B12;Bl Lim 1
LIM H1;Straning Hst
LIR;Lindau-Reutin
LIS;Langenlois
LIS H1;Gobelsburg Hst
LIT;Litschau
LIW;Awanst Liefering West
LL;Landl
LL A1;AB
LM;Linz Vbf-Ost Einfahrgr
LM H1;Linz Vbf Stw 11 Hst
LM H2;Linz Vbf Stw 13 Hst
LN;Liezen
LN A1;AB (Awanst)
LN A2;AB (Awanst)
LN H1;Wörschach Schwefelbad Hst
LN Z1;Abzw Ln 1
LNA;Wolfurt-Lauterach Nord
LNA H1;Riedenburg Hst
LNG;Lenzing
LNG A1;AB
LNG H1;Lenzing Ort Hst
LNG H2;Siebenmühlen-Rosenau Hst
LNN;Lannach
LNN H1;Alling-Tobisegg Hst
LNN K1;Oisnitz-St Josef H-Lst
LO;Linz Vbf-Ost Reihungsgr
LO H1;Linz Vbf Stw 19 Hst
LOF;Loifarn
LOF S21;Sbl Lof 2
LOF S22;Sbl Lof 2
LOF Z1;Abzw Lof 1
LOI;Loich (Gf)
LON;Losenstein
LOR;AB Zementwerk
LOR H1;Lorüns Hst
LOS;Loosdorf
LOS S11;Sbl Los 1
LOS S12;Sbl Los 1
LP;Leopoldau
LR;Linz Vbf-West
LR H1;Linz Vbf Stw 4 Hst
LRE;Lehenrotte
LS;Loipersbach-Schattendorf
LS G;Staatsgrenze nächst Loipersbach-Schattendorf
LSA;Wolfurt-Lauterach Süd
LSA H1;Wolfurt Lauterach Hst
LSF;Loifarn-Süd
LT;Ludesch
LT A1;AB (Awanst)
LT H2;Schlins Hst
LT K1;Nenzing H-Lst (Awanst)
LT U1;Üst Lt 1
LU;Lungitz
LU H1;Katsdorf Hst
LU S11;Sbl Lu 1
LU S12;Sbl Lu 1
LUZ;Lunz am See
LUZ H1;Kasten Hst
LUZ H2;Stiegengraben-Ybbstalerhütte Hst
LV;Linz Vbf-Durchfahrgr
LV H1H;Linz Vbf Stw 21 Hst
LVA;Linz Vbf-Ausfahrgr
LWA;Wolfurt-Lauterach West
LX;Laxenburg-Biedermannsd (Gf)
LX A1;AB (Awanst)
LX A2;AB
LZ;Linz Hbf
LZ G;Grenze ÖBB-LILO
LZ H1;Leonding Hst
LZ H1S;Untergaumberg Hst
LZ H1W;Linz Oed Hst
LZ H2;Pasching Hst
LZ H2S;Gaumberg Hst
LZ S11;Sbl Lz 1
LZ S12;Sbl Lz 1
LZ S31;Sbl Lz 3
LZ S32;Sbl Lz 3
LZ U2;Üst Lz 2
M;St.Michael
M A1;AB (Awanst)
M H1;Traboch-Timmersdorf Hst
M S11;Sbl M 1
M S12;Sbl M 1
M S13;Sbl M 1K
M S14;Sbl M 1K
MA;Mallnitz-Obervellach
MA H1;Oberfalkenstein Hst
MA S11;Sbl Ma 1
MA S12;Sbl Ma 1
MA S31;Sbl Ma 3
MA S32;Sbl Ma 3
MA U2;Üst Ma 2
MAC;Marchegg
MAC G;Staatsgrenze nächst Marchegg
MAE;Maria Ellend
MAF;Wien Matzleinsdorf (Maf)
MAG;St.Martin am Grimming
MAG H1;Niederöblarn Hst
MAH;Mariahof-St.Lambrecht
MAI;Maidorf
MAK;Marchtrenk
MAK A1;AB (Awanst)
MAK A2;AB (Awanst)
MAK S13;Sbl Mak 1P
MAK S14;Sbl Mak 1P
MAK S21;Sbl Mak 2
MAK S22;Sbl Mak 2
MAK Z1;Abzw Mak 1
MAL;Maria Saal
MAL A1;AB (Awanst)
MAL H1;Klagenfurt Annabichl Hst
MAL S11;Sbl Mal 1
MAL S12;Sbl Mal 1
MAL S21;Sbl Mal 2
MAL S22;Sbl Mal 2
MAN;Mank
MAN H1;Lehenleiten Hst
MAR;Maria Lanzendorf
MAS;Marein-St.Lorenzen
MAS A1;AB (Awanst)
MAS H1;Kapfenberg Fachhochschule Hst
MAS S11;Sbl Mas 1
MAS S12;Sbl Mas 1
MAT;Wien Matzleinsdorf
MAT H1S;W.Mat. Wien Matzleinsdorfer Platz Hst
MAT H2S;Wien Südtiroler Platz Hst
MAT H3S;Wien Südbahnhof Hst
MAT S11;Sbl Mat 1
MAT S12;Sbl Mat 1
MAT S13;Sbl Mat 1SB
MAT S14;Sbl Mat 1SB
MAT S21;Sbl Mat 2
MAT S22;Sbl Mat 2
MAT S23;Sbl Mat 2SB
MAT S24;Sbl Mat 2SB
MAT S33;Sbl Mat 3SB
MAT S34;Sbl Mat 3SB
MAT U4S;Üst Mat 4SB
MAU;Mauerkirchen
MAU A1;AB
MAU H1;St.Georgen a.d.Mattig Hst
MAW;Martinswand
MAZ;Mariazell
MB;Mistelbach
MB H1H;Mistelbach Stadt Hst
MB H2H;Siebenhirten Hst
MB H3;Hörersdorf Hst
MBA;Marbach-Maria Taferl
MBA L1;Loja Lst
MBO;Maribor
MBS;Mistelbach Stadt Hst
MD;Mödling
MD H1;Guntramsdorf Südbahn Hst
MD H2;Gumpoldskirchen Hst
MD S11;Sbl Md 1
MD S12;Sbl Md 1
MD S31;Sbl Md 3
MD S32;Sbl Md 3
MD U2;Üst Md 2
MDG;Mandling
ME;Michelhausen
ME H1;Atzenbrugg Hst
MEI;Matrei
MES;Messendorf
MES H1;Raaba Hst
MES H2;Authal Hst
MES S11;Sbl Mes 1
MES S12;Sbl Mes 1
MFL;Freilassing
MFL H1;Salzburg Taxham Europapark Hst
MFL S11;Sbl Mfl 1
MFL S12;Sbl Mfl 1
MFL S31;Sbl Mfl 3
MFL S32;Sbl Mfl 3
MFL Z2;Abzw Mfl 2
MG;Martinsberg-Gutenbrunn
MH;Mauthausen
MH A1;AB (Awanst)
MH A1A;AB (Awanst)
MH H1;St.Pantaleon Hst
MH Z1;Abzw Mh 1
MHF;Mönchhof-Halbturn
MHO;Mattighofen
MHO H1;Furth Hst
MHO K1;Uttendorf-Helpfau H-Lst
MI;W.Mat.-Wien Meidling
MIB;Mitterweißenbach
MID;Micheldorf
MID A1;AB (Awanst)
MID A2;AB (Awanst)
MIG;Mining
MIG H1;Hagenau im Innkreis Hst
MIG Z1;Abzw Mig 1
MIL;Mittersill
MIL H1;Rettenbach Hst
MIM;Mitterndorf-Moosbrunn
MIM K1;Unter Waltersdorf H-Lst (Awanst)
MIM S11;Sbl Mim 1
MIM S12;Sbl Mim 1
MIS;Mistelbach Lokalbahn
MIS A1;AB
MIS L1;Wilfersdorf-Hobersdorf Lst
MIS L2;Bullendorf Lst
MIS L3;Prinzendorf-Rannersdorf Lst
MIS L4;Neusiedl-St.Ulrich Lst
MIT;Mitterbach (Gf)
ML;Melk
ML S11;Sbl Ml 1
ML S12;Sbl Ml 1
ML S21;Sbl Ml 2
ML S22;Sbl Ml 2
MLD;Müllendorf
MN;St.Martin im Innkreis
MN A1;AB
MN A1H;AB
MN H1;Hart im Innkreis Hst
MOG;Mogersdorf Hst
MOS;Moosbierbaum-Heiligeneich
MOS A1;AB (Awanst, UW)
MOS B11;Bl Mos 1
MOS B12;Bl Mos 1
MOS H1;Trasdorf Hst
MOS H2;Gemeinlebarn Hst
MOS K1;Sitzenberg-Reidling H-Lst (Awanst, AB)
MOT;St.Michael-Ost
MP;Mühlbach im Pinzgau
MP H1;Wenns Hst
MR;Mattersburg
MR H1;Marz-Rohrbach Hst
MRN;Maria Rain (Gf)
MRO Z9;Rosenheim
MS;Voest Alpine Linz
MSN;Markt St.Aegyd a.N.
MT;St.Margrethen
MT G;Staatsgrenze nächst Lustenau
MT H1;Lustenau Markt Hst
MTH;Mallnitz-Hintertal
MTN;Mallnitz-Nord
MU;Mautern
MU S11;Sbl Mu 1
MU S12;Sbl Mu 1
MUE;Münchendorf
MUG;Mureck
MUN;Munderfing
MV;Mitterdorf-Veitsch
MW;Mittenwald
MWT;St.Michael-West
MX;Mixnitz-Bärenschützklamm
MX A1;AB (Awanst)
MX S11;Sbl Mx 1
MX S12;Sbl Mx 1
MX S21;Sbl Mx 2
MX S22;Sbl Mx 2
MZ;Mürzzuschlag
MZ A1;AB (Awanst)
MZ H1;Hönigsberg Hst
MZ H1K;Kohleben Hst
MZ K1;Langenwang H-Lst (Awanst)
MZ L1;Eichhorntal Lst
MZ S11;Sbl Mz 1
MZ S12;Sbl Mz 1
MZ U2;Üst Mz 2
MZG;Mürzzuschlag-Güterbf
N;Neubau-Kreuzstetten
NA;Niederabsdorf
NB;Wiener Neustadt Hbf
NB H1;Katzelsdorf Hst
NB H1A;Anemonensee Hst
NB S11;Sbl Nb 1
NB S12;Sbl Nb 1
NB S13;Sbl Nb 1P
NB S14;Sbl Nb 1P
NB W1;Abzww Ne
NBN;Wiener Neustadt Hbf-Gleisgr 300
NBO;Neuberg Ort
NBS;Wiener Neustadt Hbf-Gleisgr 100
ND;Nendeln
ND G;Staatsgrenze nächst Nendeln
ND H1;Forst Hilti Hst
ND K1;Schaan-Vaduz H-Lst (Awanst)
NE;Wiener Neustadt Hbf-Einfahrbf
NEB;Neubruck
NEB A1;AB
NEB H1;Peutenburg Hst
NEF;Neufelden
NEF H1;Pürnstein Hst
NEF H2;Iglmühle Hst;
NEK;Neunkirchen N.Ö.
NEL;Neudörfl
NEN;Neuhaus-Niederw.
NEN H1;Kleinzell Hst
NER;Neukirchen am Großvenediger
NER H1;Sulzbachtäler Hst
NER H2;Rosental-Großvenediger Hst
NES;Neumarkt in Steiermark
NES U1;Üst Nes 1
NET;Nettingsdorf
NET H1;Nöstlbach-St.Marien Hst
NEU;Neumarkt-Kallham
NEU H1;Kimpling Hst
NEU H1P;Wendling Hst
NEU H2;Kumpfmühl Hst
NEU S21;Sbl Neu 2
NEU S22;Sbl Neu 2
NEU U1;Üst Neu 1
NF;Nußdorf
NF H1;Kahlenbergerdorf Hst
NF S11;Sbl Nf 1
NF S12;Sbl Nf 1
NFL;Neufeld a d Leitha
NFL A1;AB
NFL S1;Sbl Nfl 1
NG;Wien Praterstern-Fbf
NG A1;AB (Awanst, ST)
NGG;Wiener Neustadt Hbf-Gleisgr 500
NH;Hohenau
NH H1;Rabensburg Hst
NI;Niklasdorf
NI A1;AB (Awanst)
NI S11;Sbl Ni 1
NI S12;Sbl Ni 1
NIE;Nieder Fladnitz (Gf)
NIE K1;Pleißing-Waschbach H-Lst
NIF;Nickelsdorf
NIF G;Staatsgrenze nächst Nickelsdorf
NIZ;Niederwölz - Oberwölz
NIZ H1;Lind-Scheifling Hst
NK;St.Nikola-Struden
NKL;Abzw La 1
NKR;Neuhofen a. d. Krems
NL;Neulengbach
NL H1;Ollersbach Hst
NL S11;Sbl Nl 1
NL S12;Sbl Nl 1
NN;Neu Nagelberg
NOE;Nötsch
NOE H1;Emmersdorf Hst
NR;Wiener Neustadt Hbf-Ausfahrbf
NRG;Neuberg
NS;Neusiedl am See
NS G;Grenze ÖBB-RoeEE Km 102,154
NS H1;Jois Hst
NS H2;Winden Hst
NSF;Steindorf-Friedburg
NSI;Niedernsill
NSI A1;AB
NSI H1;Lengdorf Hst
NSL;Steindorf-Lagermax
NST;Steindorf bei Straßwalchen
NST H1;Weng Hst
NST H1A;Lengau Hst
NST H2;Wallersee Hst
NST H2A;Teichstätt Hst
NST H3A;Achenlohe Hst
NST H4A;Munderfing Dampfsäge Hst
NST K1;Neumarkt-Köstendorf H-Lst (Awanst)
NST S11;Sbl Nst 1
NST S12;Sbl Nst 1
NST S31;Sbl Nst 3
NST S32;Sbl Nst 3
NST U2;Üst Nst 2
NW;Wien Praterstern
NW H1;Traisengasse Hst
NW H1H;Vienna Biocenter-St.Marx Hst
NW H2;Handelskai Hst
NW H3;Strandbäder Hst
NW S11;Sbl Nw 1
NW S12;Sbl Nw 1
NW S21;Sbl Nw 2
NW S22;Sbl Nw 2
NW S31;Sbl Nw 3
NW S32;Sbl Nw 3
NW S41;Sbl Nw 4
NW S42;Sbl Nw 4
NW U11;Üst Nw 11
O;Floridsdorf-Fbf
OA;Obertraun-Dachsteinhöhlen
OA H1;Hallstatt Hst
OA H2;Obersee Hst
OB;Oberland
OB K1;Gaflenz H-Lst
OBD;Obdach
OBD K1;Taxwirt H-Lst (Awanst)
OBW;Oberwart
OBW A1A;AB
OBW A2;AB
OBW A3;AB
OBW G;Grenze ÖBB - SRB
OBW H1;Oberwart Einkaufszentrum Hst
OD;Oberdrauburg
OD H1;Irschen Hst
ODF;Obersdorf
ODF H1;Pillichsdorf Hst
OEB;Oeblarn
OEB K1;Stein a.d.Enns H-Lst (Awanst)
OED;Oed
OED H1;Miesenbach-Waidmannsfeld Hst
OEP;Oepping
OEP H1;Schlägl Hst
OF;Wien Südbf-Fbf
OGR;Ober Grafendorf
OGR H1;St.Margarethen-Rammersdorf Hst
OH;Hollabrunn
OI;Ossiach-Bodensdorf
OI H1;St.Urban am Ossiachersee Hst
OK;Ottakring
OK H1;Breitensee Hst
OLA;Oberlaa
OLA A1;AB (Awanst, UW)
ON;Oberweiden
OP;Ober Piesting
OP A1;AB (Awanst)
OP A2;AB (Awanst)
OP A3;AB (Awanst)
OP A4;AB (Awanst)
OP H1;Wopfing Hst
OPA;Opel Austria
OPZ;Opponitz (Gf)
OPZ H1;Mirenau Hst
OPZ H2;Gaissulz Hst
ORT;Ortmann
ORT H1;Pernitz Wipfelhofstraße Hst
OSS;Wien Südbf-Spitz
OSW;W.Mat.-Oswaldgasse
OT;Ottenschlag
OT E1;EK km 57,283
OTG;Ottnang-Wolfsegg
OTG H1;Bergern Hst
OTH;Orth a.d.Donau Lst
OTT;Ottensheim
OTT H1;Walding Hst
OW;Wien Westbf-Fbf
OZ;Ötztal
P;Perg
P A1;AB
P A2;AB (Awanst)
P K1;Aisthofen H-Lst
PA;Passau Hbf
PAG;Passau Gbf
PAM;Pamhagen
PAM G;Staatsgrenze nächst Pamhagen
PAM K1;Fertöujlak mrh
PAM K2;Fertöszeplak-Fertöd mrh
PAR;Parndorf
PAR A1;AB (Awanst)
PAR H1;Neudorf Hst
PAR L1;Neudorf Lst (AWANST)
PAR S11;Sbl Par 1
PAR S12;Sbl Par 1
PAU;Paudorf
PAU A1;AB (Awanst)
PAU A2;AB (Awanst)
PAU H1;Meidling im Tal Hst
PB;St.Pölten Hbf
PB S21;Sbl Pb 2
PB S22;Sbl Pb 2
PB S91;Sbl Pb 12
PB S92;Sbl Pb 12
PB Z1;Abzw Pb 1
PD;Prinzersdorf
PD H1;Markersdorf a.d.Pielach Hst
PD S11;Sbl Pd 1
PD S12;Sbl Pd 1
PD U2;Üst Pd 2
PEB;Pettenbach
PEG;Persenbeug
PEM;Pernitz-Muggendorf
PEM H1;Pernitz Raimundviertel Hst
PET;Petronell-Carnuntum
PET A1;AB (Awanst)
PEW;Pernhofen-Wulzeshofen
PF;Paternion-Feistritz
PF A1;AB (Awanst)
PF H1;Weissenstein-Kellerberg Hst
PF H2;Puch Hst
PF S11;Sbl Pf 1
PF S12;Sbl Pf 1
PFB;Pölfing-Brunn H-Lst
PFB H1;Wies Markt Hst
PFS;Pfronten-Steinach
PG;Peggau-Deutschfeistritz
PG K1;Stübing H-Lst (Awanst)
PG S11;Sbl Pg 1
PG S12;Sbl Pg 1
PH;Pöham
PH S11;Sbl Ph 1
PH S12;Sbl Ph 1
PI;Pians
PIC;Pichl
PIE;Piesting
PIE H1;Dreistetten Hst
PIV;Pießling-Vorderstoder
PIV B11;Bl Piv 1
PIV B12;Bl Piv 1
PIV K1;Roßleithen H-Lst
PK;Penk
PK S11;Sbl Pk 1
PK S12;Sbl Pk 1
PKF;Pinkafeld
PKS;Pinkafeld Schule
PKS A1;AB
PL;St.Pölten Alpenbf
PLK;Plank am Kamp
PLK H1;Altenhof Hst
PLS;Pöls (Gf)
PM;Tullnerbach-Pressbaum
PM H1;Pressbaum Hst
PM H2;Dürrwien Hst
PM S11;Sbl Pm 1
PM S12;Sbl Pm 1
PMS;Premstätten-Tobelbad
PN;Pernegg
POE;Pöchlarn
POE A1H;AB (Awanst)
POE A1W;AB
POE H1;Krummnußbaum Hst
POE H2;Säusenstein Hst
POE S12;Sbl Poe 1
POE S13;Sbl Poe 1
POE S31;Sbl Poe 3
POE S32;Sbl Poe 3
POE S91;Sbl Poe 11
POE S92;Sbl Poe 11
POE S93;Sbl Poe 13
POE S94;Sbl Poe 13
POE U12;Üst Poe 12
POE U2;Üst Poe 2
POW;Pörtschach am Wörthersee
POW H1;Töschling Hst
POW S11;Sbl Pow 1
POW S12;Sbl Pow 1
POY;Poysdorf Lst
POY A1;AB
POY E1;EK km 20,089
POY L1;Großkrut-Althöflein Lst
POY L2;Alt Lichtenwarth Lst
POY L3;Hausbrunn Lst
PR;Payerbach-Reichenau
PR H1;Küb Hst
PR S11;Sbl Pr 1
PR S12;Sbl Pr 1
PR S21;Sbl Pr 2
PR S22;Sbl Pr 2
PRA;Pram-Haag
PRA A1;AB
PRA H2;Peterskirchen Hst
PRE;Pregarten
PRE H1;Selker Hst
PRE S11;Sbl Pre 1
PRE S12;Sbl Pre 1
PRV;Prevalje
PS;Piesendorf
PS H1;Piesendorf Bad Hst
PS H3;Jesdorf-Bergfr. Hst
PS K1;Walchen im Pinzgau H-Lst
PT;Pottenstein a.d.Triesting (Gf)
PT H1;Fahrafeld Hst
PTA;Bratislava-Petrzalka
PTT;Pitten
PTT A1;AB (Awanst)
PTT H1;Sautern-Schiltern Hst
PU;Graz Puntigam
PU H1;Flughafen Graz Feldkirchen Hst
PU H1A;Feldkirchen-Seiersberg Hst
PU S11;Sbl Pu 1
PU S12;Sbl Pu 1
PUB;Puchberg am Schneeberg
PUB E1;EK km 0,279
PUB H1;Schneebergdörfl Hst
PUE;Pürbach-Schrems
PUR;Purbach am Neusiedlersee
PUR H1;Donnerskirchen Hst
PUR H2;Schützen Haltestelle Hst
PUS;Purgstall
PUS H1;Sölling Hst
PUS H2;Saffen Hst
PUW;Puchenau West
PUW H1;Dürnberg Hst
PUW H1A;Achleitnersiedlung Hst
PW;St.Pölten-Fbf
PWD;Preding-Wieselsdorf;
PWD H1;Gussendorf Hst
PWD K1;Wettmannstätten H-Lst
PY;Bad Pirawarth
PY A1;AB (Awanst)
PY A1A;AB
PY A2A;AB (Awanst)
PY H1;Pirawarth Hst
PY H1H;Klein Harras Hst
PY H2;Kollnbrunn Hst
PZ;Penzing
PZ F1;Lützowgasse
PZ U1;Üst Pz 1
R;Retz
R A1;AB (Awanst)
R A1A;AB (Awanst)
R G;Staatsgrenze nächst Retz
R H1;Hofern Hst
RA;Bad Radkersburg
RAB;Rabenstein N.Ö. (Gf)
RAB H1;Steinklamm Hst
RAB K1;Steinschal-Tradigist H-Lst
RAD;Radstadt
RAD K1;Altenmarkt im Pongau H-Lst (Awanst)
RAF;Raasdorf
RAF H1;Glinzendorf Hst
RAN;Randegg
RB;Rosenburg
RB H1;Stallegg Hst
RB H2;Kamegg Hst
RD;Ried im Innkreis
RD A1H;AB
RD A2;AB
RD A3;AB
RD A4;AB
RD H1M;Bad Ried Hst
RD H2M;Aurolzmünster Hst
RD H3;Neuratting Hst
RD L1;Aurolzmünster Lst
RDJ;Rattendorf-Jenig
RDJ H1;Waidegg Hst
RE;Reith
REG;Regelsbrunn
REG H1;Wildungsmauer Hst
REI;Reichraming
REI H1;Großraming Kraftwerk Hst
REN;Wien Praterstern-Rennweg
RF;Werfen
RF H1;Pfarrwerfen Hst
RF S11;Sbl Rf 1
RF S12;Sbl Rf 1
RF S21;Sbl Rf 2
RF S22;Sbl Rf 2
RG;Stainach-Irdning
RG H1K;Pürgg Hst
RH;Steyr Ramingdorf-Haidershofen
RI;Riedau
RI H1;Zell a.d.Pram Hst
RI S11;Sbl Ri 1
RI S12;Sbl Ri 1
RI S31;Sbl Ri 3
RI S32;Sbl Ri 3
RI U2;Üst Ri 2
RIN;Ringelsdorf
RK;Rankweil
RK A1;AB (Awanst)
RK H1;Sulz-Röthis Hst
RK K1;Klaus in Vorarlberg H-Lst (Awanst)
RK S11;Sbl Rk 1
RK S12;Sbl Rk 1
RM;Rottenmann
RM H1;Stadt Rottenmann Hst
RM S11;Sbl Rm 1
RM S12;Sbl Rm 1
RN;Rosenbach
RN G;Staatsgrenze nächst Rosenbach
RO;Rothenthurn
RO A1;AB (Awanst)
RO H1;Ferndorf Hst
RO H2;Markt Paternion Hst
RO S11;Sbl Ro 1
RO S12;Sbl Ro 1
ROB;Rohrbach-Berg
ROG;Rottenegg
ROG A1;AB
ROG H1;Lacken Hst
ROG H2;Gerling OÖ Hst
ROH;Knoten Rohr
ROH S11;Sbl Roh 1
ROH S12;Sbl Roh 1
ROH S21;Sbl Roh 2
ROH S22;Sbl Roh 2
ROH S41;Sbl Roh 4
ROH S42;Sbl Roh 4
ROH S51;Sbl Roh 5
ROH S52;Sbl Roh 5
ROH S71;Sbl Roh 7
ROH S72;Sbl Roh 7
ROH S81;Sbl Roh 8
ROH S82;Sbl Roh 8
ROH U3;Üst Roh 3
ROH U6;Üst Roh 6
ROP;Roppen
RP;Reichenfels-St.Peter
RP A1;AB (Awanst)
RR;Rohr-Bad Hall
RT;Reutte in Tirol
RT H1;Pflach Hst
RT H2;Musau Hst
RT H3;Ulrichsbrücke-Füssen Hst
RU;Villach St.Ruprecht
RUE;Rückersdorf-Harmannsdorf
RUP;Ruprechtshofen
RUP H1;Grabenegg-Rainberg Hst
RUP H2;Reisenhof-Lehen Hst
RUP H3;Breiteneich Hst
RUT;Rutzing
RUT S11;Sbl Rut 1
RUT S12;Sbl Rut 1
RV;Rohrbach-Vorau
RW;Rekawinkel
RW H1;Eichgraben-Altlengbach Hst
RW S11;Sbl Rw 1
RW S12;Sbl Rw 1
RZ;Redl-Zipf
RZN;Retznei
RZN H1;Ehrenhausen Hst
S;Satov
SA;Schafbergalpe
SAA;Saalfelden
SAA H1;Leogang-Steinberge Hst
SAA H2;Leogang Hst
SAA H3;Hütten Hst
SAA S11;Sbl Saa 1
SAA S12;Sbl Saa 1
SAA S31;Sbl Saa 3
SAA S32;Sbl Saa 3
SAA U2;Üst Saa 2
SAD;Sattledt
SAE;St.Aegyd Eisenwerk
SAE H1;Amt Mitterbach Hst
SAF;Sattendorf
SAF H1;Annenheim Hst
SAG;Schützen am Gebirge
SAH;Simmering Aspangbahn
SAH H1;Simmering Aspang-Geiselbergstr Hst
SAN;Sarmingstein;
SAS;Schwanenstadt
SAS S11;Sbl Sas 1
SAS S12;Sbl Sas 1
SAU;Bad Sauerbrunn
SAU H2;Mattersburg Nord Hst
SAU K1;Wiesen-Sigleß H-Lst (Awanst, AB)
SAZ;St. Andrä am Zicksee
SB;Salzburg Hbf
SB G;Staatsgrenze nächst Liefering
SB L1;Awanst Salzburg Lehen
SBB;Steinbachbrücke
SBG;Schafbergspitze
SBK;Schönberg am Kamp
SBK H1;Zöbing Hst
SBL;Siebenbrunn-Leopoldsdorf
SBL A1;AB (Awanst)
SBL H1;Untersiebenbrunn Hst
SBL H1E;Leopoldsdorf Hst
SBM;Salzburg-Mitte
SBM H1;Salzburg Sam Hst
SBS;Scheibbs
SBS A1;AB
SBS H1;Neustift Hst
SBW;Steyr-BMW Werk
SBW H1;Steyr Münichholz Hst
SC;San Candido/Innichen
SC A1;AB (Awanst)
SC G;Staatsgrenze nächst Sillian
SC H1;Versciaco/Vierschach Hst
SC H2;Prato alla Drava/Winnebach Hst
SC H3;Weitlanbrunn Hst
SCB;Schauersberg
SCH;Schärding
SD;Spielfeld-Straß
SD G;Staatsgrenze nächst Spielfeld-Straß
SD H1;Schwarza Hst
SD H2;Lichendorf Hst
SD Z9;Sentilji (Ausland)
SDF;Floridsdorf-Wien Strebersdorf
SDG;Schladming
SDN;Stadlau-Nord
SEB;Sebersdorf
SEB H1;Bad Waltersdorf Hst
SEB H2;Leitersdorf Hst
SEB H3;Bad Blumau Hst
SEE;Seekirchen am Wallersee
SEE H1;Eugendorf Hst
SEE S11;Sbl See 1
SEE S12;Sbl See 1
SEI;Seiz
SEI H1;Kammern Hst
SEI S11;Sbl Sei 1
SEI S12;Sbl Sei 1
SEJ;Sentilji
SEM;Semmering
SEM H1;Steinhaus Hst
SEM S11;Sbl Sem 1
SEM S12;Sbl Sem 1
SEN;Strengen
SES;Seebenstein
SES H1;Gleißenfeld Hst
SET;Seefeld in Tirol
SET H1;Seefeld PlayCastle Hst
SET K1;Gießenbach H-Lst
SF;Scheifling
SFL;Schönfeld-Lassee
SFL H1;Breitensee N.Ö. Hst
SFS;Schäffernsteg
SG;Wien Zvbf-Grillgasse
SGE;St.Georgen a.d.Gusen
SGE H1;St.Georgen a.d.Gusen Hst
SGG;Straßgang
SGK;Scheiblingkirchen-Warth
SGK A1;AB (Awanst)
SGK H1;Petersbaumgarten Hst
SGP;Steinbach-Groß Pertholz
SGP H1;Abschlag Fassldorf Hst
SGP H2;Betriebs-Hst
SGP H3;Bruderndorf Hst
SH;Sigmundsherberg
SH H1H;Breiteneich bei Horn Hst
SH S11;Sbl Sh 1
SH S12;Sbl Sh 1
SHR;Schrambach
SHR H1;Lilienfeld Krankenhaus Hst
SI;Sierndorf
SI H1;Höbersdorf Hst
SI H2;Schönborn-Mallebarn Hst
SI S11;Sbl Si 1
SI S12;Sbl Si 1
SIE;Knoten Rohr-Groß Sierning Hst
SIL;Sillian
SIL H1;Tassenbach Hst
SIM;Wien Erdbergerlände-Simmering
SIN;Sinnersdorf
SIZ;Silz
SIZ H1;Haiming Hst
SIZ S11;Sbl Siz 1
SIZ S12;Sbl Siz 1
SK;Steinakirchen/F.
SL;Selzthal
SL A1;AB
SLF;Stuhlfelden
SLF A1;AB
SLF H1;Heilbad Burgwies Hst
SLF H2;Burk Hst
SLN;Selzthal-Nord
SLS;Selzthal-Süd
SM;Simbach (Inn)
SMK;Söding-Mooskirchen
SMK H1;Köppling Hst
SMR;Summerau
SMR G;Staatsgrenze nächst Summerau
SMS;St.Martin-Sittich
SMT;Stein-Mautern
SMT H1;Unterloiben Hst
SN;Sulz Museumsdorf
SNB;Schleinbach
SNB H1;Hautzendorf Hst
SNB H2;Niederkreuzstetten Hst
SNB S11;Sbl Snb 1
SNB S12;Sbl Snb 1
SNG;Steyrling
SNS;Schruns
SNZ;Scharnitz
SNZ G;Staatsgrenze nächst Scharnitz
SOP;Sopron
SOR;Sopron Rendezö pu
SOS;Steindorf am Ossiachersee
SOT;Sopron Terminal
SOU;Söchau
SOU H1;Tiefenbach Hst
SOU H2;Hatzendorf Hst
SP;St.Peter-Seitenstetten
SP H1;St.Johann-Weistrach Hst
SP S11;Sbl Sp 1
SP S12;Sbl Sp 1
SP S13;Sbl Sp W 1
SP S14;Sbl Sp W 1
SP S23;Sbl Sp W 2
SP S24;Sbl Sp W 2
SP S33;Sbl Sp W 3
SP S34;Sbl Sp W 3
SP S43;Sbl Sp W 4
SP S44;Sbl Sp W 4
SP S53;Sbl Sp W 5
SP S54;Sbl Sp W 5
SP Z2;Abzw Sp 2;
SPA;St.Paul
SPA A1;AB
SPA H1;St.Paul Bad Hst
SPA H1L;St.Georgen im Lavanttal Hst
SPA H2;Granitztal Hst
SPA H2L;Altacherwirt Hst
SPA H3L;Ettendorf Hst
SPA H4L;Lavamünd Markt Hst
SPI;Spital am Pyhrn
SPR;Spratzern
SPR A1;AB
SPR H1;Spratzern Hst
SPR H2;St.Pölten-Porschestraße Hst
SPR H3;HW St.Pölten Betr.Hst
SPS;Spital am Semmering
SPS S11;Sbl Sps 1
SPS S12;Sbl Sps 1
SR;Salzburg Gnigl-Vbf
SR H1;Salzburg Gnigl Hst
SR H2;Salzburg Parsch Hst
SRE;Salzburg Gnigl-Einfgr
SS;Schönwies
SS A1;AB (Awanst)
SS Z1;Abzw Ss 1
SSL;St.Stefan im Lavanttal
SSL A2;AB
SSM;Scharnstein-Mühldorf
SSM H1;Kothmühle Hst
SSN;Möllbrücke-Sachsenburg
SSN H1;Lendorf Hst
SSV;St.Stefan-Vorderberg
ST;Stadlau
ST A1;AB (Awanst)
ST A1S;AB (Awanst)
ST A2;AB (Awanst)
ST H2S;Wien Breitenleer Straße Hst
ST Z1;Abzw St 1
STA;Steinabrückl Lst
STA A1;AB
STB;Steyr
STC;Stadlau-Wien Hirschstetten
STD;Steinfeld im Drautal
STE;Stetten
STF;Statzendorf
STF H1;Herzogenburg-Wielandsthal Hst
STG;Steeg-Gosau
STH;Steinhaus bei Wels
STH A1;AB
STH H1;Oberhart Hst
STI;Steinach in Tirol
STI G;Staatsgrenze nächst Steinach in Tirol
STI H1;St.Jodok Hst
STI H2;Brennersee Hst
STI K1;Gries H-Lst (Awanst, UW)
STI S31;Sbl Sti 3
STI S32;Sbl Sti 3
STI U1;Üst Sti 1
STI U2;Üst Sti 2
STI Z4;Abzw Sti 4 (Brennersee)
STK;Stadlau Wien Erzherzog Karl-Straße Hst
STL;Bruck a.d.Mur-Stadtwald
STM;Steyrermühl
STN;Stiefern
STP;Stadl-Paura
STP G;Grenze ÖBB-STH Km 3,777
STP L1;Roitham Lst
STR;Strasshof
STR H1;Silberwald Hst
STR S11;Sbl Str 1
STR S12;Sbl Str 1
STS;Stams
STS H1;Mötz Hst
STT;Spittal-Millstättersee
STT S11;Sbl Stt 1
STT S12;Sbl Stt 1
STU;Studenzen-Fladnitz
STU A1;AB (Awanst)
STU H1;Rohr Hst
STU H2;Gniebing Hst
STV;St.Veit a.d.Glan-Süd
STW;Straßwalchenen
SU;Stockerau
SU A1;AB (Awanst)
SU H1;Ober Olberndorf Hst
SU H2A;Gaisruck Hst
SU K1;Hausleiten H-Lst (Awanst, AB)
SUE;Wien Süßenbrunn
SUE S11;Sbl Sue 1
SUE S12;Sbl Sue 1
SUM;Wien Süßenbrunn-Mitte
SUN;Stockerau Nord
SUW;Wien Süßenbrunn-West
SV;St.Valentin
SV A1;AB (Awanst)
SV H1;Ennsdorf Hst
SV H1E;Herzograd Hst
SV S11;Sbl Sv 1
SV S12;Sbl Sv 1
SV S13;Sbl Sv 1E
SV S14;Sbl Sv 1E
SV S21;Sbl Sv 2
SV S22;Sbl Sv 2
SV S41;Sbl Sv 4
SV S42;Sbl Sv 4
SV S51;Sbl Sv 5
SV S52;Sbl Sv 5
SV S93;Sbl Sv 12
SV S94;Sbl Sv 12
SV U3;Üst Sv 3
SV Z91;Abzw Sv 11
SVE;St.Valentin-Ennskanalbrücke
SW;Schwaz
SW H1;Terfens-Weer Hst
SW K1;Pill-Vomperbach H-Lst (Awanst)
SW S11;Sbl Sw 1
SW S12;Sbl Sw 1
SW S41;Sbl Sw 4
SW S42;Sbl Sw 4
SW U2;Üst Sw 2
SW U3;Üst Sw 3
SWA;Schwarzach-St.Veit
SWA S11;Sbl Swa 1W
SWA S12;Sbl Swa 1W
SWA S91;Sbl Swa 1T
SWA S92;Sbl Swa 1T
SWB;Schwertberg
SWB A1;AB (Awanst)
SWG;Schwanberg H-Lst
SWG H1;St Peter im Sulmtal Hst
SWP;Schwarzenbach/P. (Gf)
SWS;St.Wolfgang Schafbergbf
SWU;Schwarzenau
SWU H1Z;Ganz Hst
SWU K1;Bernschlag H-Lst
SY;Steyregg
SY H1;Pulgarn Hst
SY S11;Sbl Sy 1
SY S12;Sbl Sy 1
SZ;Spitz a.d.Donau
SZ H1;Schwallenbach Hst
SZ H2;Willendorf i.d.W. Hst
T;Traun
T A1;AB
T K1;Ansfelden H-Lst (Awanst)
TA;Taxenbach-Rauris
TA A1;AB (Awanst)
TA B11;Bl Ta 1
TA B12;Bl Ta 1
TA H1;Gries im Pinzgau Hst
TAS;Tainach-Stein
TAT;Tattendorf (Gf)
TAT A1;AB (Awanst)
TAT A2;AB (Awanst)
TAU;Tauchen-Schaueregg
TAU H1;Pinggau Markt Hst
TB;Trieben
TB A1;AB (Awanst)
TB S11;Sbl Tb 1
TB S12;Sbl Tb 1
TB S21;Sbl Tb 2
TB S22;Sbl Tb 2
TBV;Tarvisio Boscoverde
TDF;Teesdorf Hst
TE;Ternberg
TE H1;Trattenbach Hst
TEL;Thalheim-Pöls
TEL H1;St.Georgen ob Judenburg Hst
TEL S11;Sbl Tel 1
TEL S12;Sbl Tel 1
TF;Berndorf Fabrik (Gf)
TF H1;Berndorf Stadt Hst
TH;Thörl-Maglern
TH G;Staatsgrenze nächst Thörl-Maglern
TI;Traiskirchen Aspangbahn (Gf)
TI A1;AB
TI K1;Trumau H-Lst
TI K2;Ober Waltersdorf H-Lst
TIH;Tischlerhäusl
TIH H1;Kitzsteinhornstraße Hst
TIH H2;Bruckberg Hst
TIH H3;Zellermoos Hst
TK;Traunkirchen
TL;Thal
TM;Timelkam
TM H1;Neukirchen-Gampern Hst
TM S11;Sbl Tm 1
TM S12;Sbl Tm 1
TN;Ternitz
TN A1;AB (Awanst)
TN H1;Pottschach Hst
TN S11;Sbl Tn 1
TN S12;Sbl Tn 1
TP;Taufkirchen a d Pram
TP A1;AB (Awanst)
TP A2;AB (Awanst)
TP H2H;Gopperding Hst
TP S11;Sbl Tp 1
TP S12;Sbl Tp 1
TP S21;Sbl Tp 2
TP S22;Sbl Tp 2
TR;Treibach-Althofen
TR H1;Kappel am Krappfeld Hst
TR H2;Passering Hst
TR S11;Sbl Tr 1
TR S12;Sbl Tr 1
TR S21;Sbl Tr 2
TR S22;Sbl Tr 2
TRA;Traismauer
TRA H1;Getzersdorf Hst
TRA H2;Herzogenburg Stadt Hst
TRN;Traisen
TRN H1;Rotheau-Eschenau Hst
TRN H2;Göblasbruck Hst
TRN H3;Kreisbach Hst
TRO;Trofaiach
TS;Telfs-Pfaffenhofen
TS H1;Rietz Hst
TS S11;Sbl Ts 1
TS S12;Sbl Ts 1
TU;Tulln
TU B11;Bl Tu 1
TU B12;Bl Tu 1
TUB;Tulln-Donaubrücke
TUE;Türnitz
TUE H1;Dickenau Hst
TUE H2;Moosbach Hst
TUF;Tulln-Tullnerfeldstraße
TUS;Tulln-Tulln Stadt
TUS B11;Bl Tu Z 1
TUS B12;Bl Tu Z 1
TUS H1;Pixendorf Hst
TUS K1;Judenau-Sieghartskirchen H-Lst (Awanst, AB)
TW;Twimberg
TX;Traxenbichl
UB;Wien Donauuferbf
UE;Bruck a.d.Mur-Übelstein
UEB;Übelbach
UF;Linz Urfahr
UF H1;Puchenau Hst
UH;Unterhart
UH A1;AB
UL;Ulmerfeld-Hausmening
UL A1;AB (Awanst)
UL A2;AB (Awanst)
UL H1;Kröllendorf Hst
UM;Unzmarkt
UP;Unter Purkersdorf
UP H1;Purkersdorf Gablitz Hst
UP H2;Unter Tullnerbach Hst
UP S11;Sbl Up 1
UP S12;Sbl Up 1
UP U2;Üst Up 2
UR;Bruck a.d.Leitha-Ost
UR A1;AB (Awanst, UW)
US;Lustenau
US K1;Hard-Fussach H-Lst (Awanst, AB)
UT;Uttendorf-Stubachtal
UT H1;Pirtendorf Hst
UZ;Pusarnitz
UZ S21;Sbl Uz 2
UZ S22;Sbl Uz 2
UZ Z1;Abzw Uz 1
VA;Villach Süd Gvbf-Ausfgr
VB;Villach Hbf
VBA;Villach Hbf-Autoverladestelle
VBD Z1;Abzw Villach Hbf-Draubrücke
VBO;Villach Hbf-Ostbf
VD;Vordernberg
VE;Villach Süd Gvbf-Einfgr
VEL;Velden am Wörthersee
VEL A1;AB (Awanst)
VEL H1;Lind-Rosegg Hst
VEL S11;Sbl Vel 1
VEL S12;Sbl Vel 1
VF;Villach Hbf-Villach Westbf
VF A1;AB (Awanst)
VF H1;Villach Warmbad Hst
VG;St.Veit a.d.Gölsen (Gf)
VG H1;Wiesenfeld-Schwarzenbach Hst
VI;Vils
VI G;Staatsgrenze nächst Vils
VI H1;Schönbichl Hst
VIT;Vitis
VIT H1;Hirschbach Hst
VIW;Viechtwang
VK;Vöcklabruck
VK H1;Oberthalheim-Timelkam Hst
VK Z1;Abzw Vk 1
VL;Völs
VL K1;Kematen in Tirol H-Lst (Awanst)
VL S11;Sbl Vl 1
VL S12;Sbl Vl 1
VM;Vöcklamarkt
VN;Viehofen
VN A1;AB (Awanst)
VN H1;St.Pölten Traisenpark Hst
VO;Villach Süd Gvbf-Ost
VO G;Grenze ÖBB-STH Km 24,868
VO H1;Gödersdorf Hst
VO H2;Finkenstein Hst
VO Z9;Vorchdorf-E.
VOB;Voitsberg
VOI;Voitsdorf
VOI H2;Wilfling Hst
VOI H3;Diensthubersiedlung Hst
VOK;Völkermarkt-Kühnsdorf
VPS;St.Veit a.d.Glan
VPS A1;AB (Awanst)
VPS H1;Glandorf Hst
VPS S11;Sbl Vps 1
VPS S12;Sbl Vps 1
VPS S21;Sbl Vps 2
VPS S22;Sbl Vps 2
VR;Vordernberg Markt Hst
VS;St.Veit a.d.Glan-West
VS H2;Liebenfels Hst
VU;Villach Süd Gvbf-Auen
VW;Villach Süd Gvbf-West
VW H2;Pöckau Hst
W;Wörgl Hbf
W H1;Rattenberg-Kramsach Hst
W S11;Sbl W 1
W S12;Sbl W 1
W S31;Sbl W 3
W S32;Sbl W 3
W U2;Üst W 2
WA;Bad Schallerbach-Wallern
WA H1;Schlüßlberg Hst
WA S21;Sbl Wa 2
WA S22;Sbl Wa 2
WA U1;Üst Wa 1
WAA;Wald am Arlberg
WAB;Wasserburg
WAG;Waldegg
WAG H1;Waldegg-Dürnbach Hst
WAH;Wasserstelle am Hengst
WAH H1;Ternitzerhütte Hst
WAK;Wartberg a. d. Krems
WAK A1;AB (Awanst)
WAK H1;Nußbach Hst
WAL;Wallern im Burgenland
WAM;Waldmühle Lst
WAN;Wang Lst
WAN A1;AB
WAN E1;EK km 19,682
WAP;Wald im Pinzgau
WAP H1A;Kreilsiedlung Hst
WAP H2;Lahnsiedlung Hst
WAR;Wartberg im Mürztal
WAS;Wald am Schoberpaß
WAS K1;Treglwang H-Lst (Awanst)
WAS S11;Sbl Was 1
WAS S12;Sbl Was 1
WAS S31;Sbl Was 3
WAS S32;Sbl Was 3
WAS U2;Üst Was 2
WAT;Knoten Wagram
WAT S11;Sbl Wat 11
WAT S12;Sbl Wat 11
WAT S95;Sbl Wat 21
WAT S96;Sbl Wat 21
WAU;Waldhausen
WB;Wien Südbf
WBB;W.Mat.-Wienerbergbrücke
WBO;Wien Südbf
WBO H2;Wien Erdbergerlände Wien Haidestraße Hst
WBS;Wien Süd-Gleisgruppe 600
WD;Linz Wegscheid
WD H1;St.Martin bei Traun Hst
WDS;Weiden am See
WE;Wels Hbf
WE S11;Sbl We 1
WE S12;Sbl We 1
WE S21;Sbl We 2
WE S22;Sbl We 2
WE S91;Sbl We 1H
WE S92;Sbl We 1H
WE S93;Sbl We 2H
WE S94;Sbl We 2H
WEA;Wels Vbf-Aus-/Durchfahr-/Vorstellgruppe Terminal
WEB;Weißenbach-Neuhaus
WEB H2;Altenmarkt a.d.Triesting Hst
WED;Wetzleinsdorf
WEF;Weizelsdorf
WEF H1;Weizelsdorf Ort Hst
WEF H2;St.Johann im Rosental Hst
WEG;Weißenbach-St.Gallen
WEG S11;Sbl Weg 1
WEG S12;Sbl Weg 1
WEI;Wels Vbf-Einfgr
WEK;Wels Vbf-Terminal
WEM;Weitersfeld a.d.Mur
WEN;Weißkirchen
WEN A1;AB (Awanst)
WEN A2;AB (Awanst)
WEN K1;Eppenstein H-Lst (Awanst)
WEN K2;Kathal H-Lst (Awanst)
WER;Wernstein
WER G;Staatsgrenze nächst Wernstein
WER S11;Sbl Wer 1
WER S12;Sbl Wer 1
WET;Weitersfeld N.Ö.
WET H1;Anglerparadies Hessendorf Hst
WET H1A;Ober Höflein Hst
WET H2;Hessendorf Hst
WEW;Wies-Eibiswald
WEY;Weyer
WEY Z1;Abzw Wey 1 Kastenreith Hst
WEZ;Weiz
WF;Wien Franz-Josefs-Bf
WF H1;Wien Franz-Josefs-Bf Spittelau Hst
WFG;Wien Franz-Josefs-Bf-Gürtelbrücke
WG;Deutsch Wagram
WG H1;Helmahof Hst
WG H2;Strasshof Hst
WG S11;Sbl Wg 1
WG S12;Sbl Wg 1
WGM;Knoten Wagram-Pottenbrunn
WH;Waidhofen a.d.Ybbs
WH H1;Stadt Waidhofen a.d.Ybbs Hst
WHF;Waidhofen a.d.Ybbs Lb (Gf)
WHF H1;Waidhofen a.d.Ybbs Schillerp. Hst
WI;Wildon
WI A1;AB (Awanst)
WI H1;Lebring Hst
WIE;Wieselburg a.d.Erlauf
WIE A1;AB
WIE H1;Mühling Hst
WIE H2;Mühling-Plaika Hst
WIE H3;Schauboden Hst
WIG;Weitenegg
WIG H1;Lehen-Ebersdorf Hst
WIL;Willendorf
WIL H1;Unter Höflein Hst
WIL H1A;Rothengrub Hst
WIN;Windischgarsten
WIT;Wittmannsdorf
WJ;Weins-Isperdorf
WJ H1;Hirschenau-Nöchling Hst
WK;Groß Weikersdorf
WK H1;Glaubendorf-Wetzdorf Hst
WK S11;Sbl Wk 1
WK S12;Sbl Wk 1
WKI;Weißenkirchen i.d.Wachau
WKI H1;Wösendorf-Joching Hst
WKN;Waldkirchen a.d.Thaya Lst
WKN E1;EK km 25.014
WKN E2;EK km 24,676
WKN L1;Dobersberg Lst
WKN L2;Thaya Lst
WL;Wels Lokalbahn
WL A1;AB
WL H1;Wels Messe Hst
WLH;Wien Lobau Hafen
WM;Wilhelmsburg a.d.Traisen
WM H1;St.Georgen am Steinfeld Hst
WM H2;Hart-Wörth Hst
WN;Waidhofen a.d.Thaya (Gf)
WN A1;AB
WN H1;Kottschallings Hst
WN H2;Windigsteig Hst
WO;Wolfurt
WO S11;Sbl Wo 1
WO S12;Sbl Wo 1
WOE;Wöllersdorf
WOE H1A;Wöllersdorf Marchgraben Hst
WOE H2;Piesting Harzwerk Hst
WOF;Wolfsthal
WOG;Wolfsberg
WOG H1;Priel Hst
WOL;Wolkersdorf
WOL H1;Ulrichskirchen Hst
WP;Wampersdorf
WP A1;AB (Awanst)
WP H1;Pottendorf-Landegg Hst
WP S11;Sbl Wp 1
WP S12;Sbl Wp 1
WR;Werndorf
WR A2;AB (Awanst)
WRA;Weitra
WRA H1;Langfeld Hst
WRA H2;Schöllbüchl Hst
WRA K1;St.Martin bei Weitra H-Lst (Awanst)
WS;Wien Westbf
WT;Innsbruck Hbf-Westbf
WTF;Wietersdorf Hst
WTF A1;AB
WTF A2;AB
WTN;Wörgl-Terminal Nord
WTS;Wörgl-Terminal Süd
WUE;Würnitz-Hetzmannsdorf
WUE E1;EK km 21,922
WUL;Wulkaprodersdorf
WUL H1;Draßburg Hst
WUL S21;Sbl Wul 2
WUL S22;Sbl Wul 2
WUL Z1;Abzw Wul 1
WV;Wien Brigittenau
WVN;Wien Brigittenau-Nord
WVS;Wien Brigittenau-Süd
WZ;Winzendorf
WZ H1;Urschendorf Hst
Y;Ybbs a.d.Donau
Y A1;AB (Awanst)
Y H1;Neumarkt a.d.Y-Karlsbach Hst
Y H2;Hubertendorf Hst
Y S91;Sbl Y 12
Y S92;Sbl Y 13
Y S93;Sbl Y 13
Y S94;Sbl Y 13
Y U11;Üst Y 11
YB;Ybbsitz
YB H1;Gurhof Hst
YB H2;Ederlehen Hst
YB H3;Schütt Hst
YB K1;Steinmühl H-Lst
Z;Zell am See
Z A1;AB (Awanst)
Z H1;Gerling im Pinzgau Hst
Z K1;Maishofen-Saalbach H-Lst (Awanst)
Z S21;Sbl Z 2
Z S22;Sbl Z 2
Z U1;Üst Z 1
ZA;Wien Zvbf-Ausfgr Kledering
ZAB;Wien Zvbf Abzww Felixdorf
ZD;Zellerndorf
ZD F1;Zellerndorf-Ost (Ri1)
ZD F2;Zellerndorf-Ost (Ri2)
ZD L1;Röschitz Lst
ZD L2;Pulkau Lst
ZE;Wien Zvbf-Einfgr
ZF;Ziersdorf
ZF K1;Ravelsbach H-Lst (Awanst, AB)
ZG;Zeltweg
ZG A2;AB (Awanst)
ZG A3;AB (Awanst)
ZG A4;AB (Awanst)
ZG A5;AB
ZG A6;AB
ZG A7;AB
ZI;Zissersdorf H-Lst
ZIS;Zistersdorf
ZL;Zirl
ZL H1;Inzing Hst
ZL H2;Hatting Hst
ZL H3;Oberhofen im Inntal Hst
ZL K1;Flaurling H-Lst (Awanst)
ZL S11;Sbl Zl 1
ZL S12;Sbl Zl 1
ZL S31;Sbl Zl 3
ZL S32;Sbl Zl 3
ZL U2;Üst Zl 2
ZN;Wien Zvbf-Nord
ZNO;Znojmo
ZO;Wien Zvbf-Ost
ZS;Wien Zvbf-Süd Lanzendorf-R.
ZSS;Zistersdorf Stadt
ZU;Zurndorf
ZUR;Wien Zvbf
ZUR S11;Sbl Zur 1
ZUR S12;Sbl Zur 1
ZW;Zwettl (Gf)
ZWS;Zwettl Stadt
