Abk;Name
REKURSION;Siehe bitte #REKURSION
TOGGLE;Siehe bitte #UMSCHALTEN
UMSCHALTEN;Siehe bitte #TOGGLE
RTFM,MAN,HELP,HILF,HILFE,HOWTO;Expansion von DS100- und anderen K√ºrzeln. https://ds100.frankfurtium.de/\n#DS100 im Tweet und K√ºrzel als Hashtag markieren, bspw #FF\nDetails https://ds100.frankfurtium.de/finde-lang.html
NAZI;Raus! Die Benutzung dieses Bots ist Nazis untersagt
NAZIS;Alle Raus! Die Benutzung dieses Bots ist Nazis untersagt
FCKNZS;Nazis Raus! Die Benutzung dieses Bots ist Nazis untersagt
TOS,TERMS;Terms of Service: Keine Garantie f√ºr Richtigkeit oder Vollst√§ndigkeit. https://ds100.franfurtium.de/haftung.html\nNazis d√ºrfen diesen Bot nicht benutzen.
EULA;Durch die Benutzung entstehen auf Seiten des Bots und des Benutzers keine Verpflichtungen
WHOIS;Das ist der DS100-Bot zur Expansion von DS100-K√ºrzeln der Deutschen Bahn. Betrieben von @baeuchle.\nhttps://ds100.frankfurtium.de/impressum.html
WHORU;Ich bin der DS100-Bot zur Expansion von DS100-K√ºrzeln der Deutschen Bahn. Betrieben von @baeuchle.\nhttps://ds100.frankfurtium.de/impressum.html
COPY,KOPIE,URHBR; ¬© Die Erzeugnisse des Bots unterliegen keinem Urheberrecht, sofern das rechtlich m√∂glich ist. Der Autor ist √ºberzeugt, dass keine ausreichende Sch√∂pfungstiefe vorliegt.\nhttps://ds100.frankfurtium.de/copyright.html
WIESO,WARUM;Wieso dieser Bot? Damit Leute, die sie kennen, DS100-Abk√ºrzungen benutzen k√∂nnen und Leute, die sie nicht kennen, diese trotzdem verstehen.\nhttps://ds100.frankfurtium.de/motivation.html
WIE;Dieser Bot ist ein Python-Script, das alle drei Minuten l√§uft und nach beantwortbaren Tweets sucht.
KI,AI;Dieser Bot besitzt keine K√ºnstliche Intelligenz. Er ist sozusagen strunzdumm. Lernen kann der Bot nur, indem der Autor lernt und etwas neues dazuprogrammiert.
FOLLOW,FOLGEN,FOLGE;Der Bot kann durch Erw√§hnung + #folgenbitte dazu gebracht werden, Accounts zu folgen. Dann muss er nicht mehr extra erw√§hnt werden, um #DS100-K√ºrzel zu finden. Siehe auch #DEFLLOW
DEFLLOW,ENTFOLGEN;Wenn der Bot nicht mehr ohne extra Erw√§hnung (siehe #FOLLOW) die eigenen Tweets nach K√ºrzeln durchsuchen soll, bitte Erw√§hnung + #entfolgen benutzen.
SOURCE,SOURCECODE,QUELLCODE,GITHUB;Der Quelltext des Bots ist auf github zu finden: https://github.com/baeuchle/ds100bot
HAFT,HAFTUNG;Haftung: Der Bot erhebt keinerlei Anspruch auf Vollst√§ndigkeit oder Richtigkeit der Angaben. Wer aufgrund des Outputs dieses Bots an der falschen Betriebsstelle landet, hat selbst Schuld.\nhttps://ds100.frankfurtium.de/haftung.html
DSGVO,DATENSCHUTZ;Datenschutz: Dieser Bot erhebt keine pers√∂nlichen oder unpers√∂nlichen Daten. F√ºr die Benutzung ist allerdings ein Twitter-Account n√∂tig.\nhttps://ds100.frankfurtium.de/datenschutz.html
DATEN,DATA;Datenschutz: Siehe #DSGVO\nDaten: v.a. ¬© DB OpenData, CC-BY.\nhttps://ds100.frankfurtium.de/copyright.html
L10N;Localization: This bot serves data in German except very few exceptions (as this one). There is no way for the user to change that.
SPAM,NOSPAM;Dieser Bot soll nicht spammen. Wer sich durch die Aktivit√§ten des Bots bel√§stigt f√ºhlt, m√∂ge bitte freundlich dem @baeuchle Bescheid geben. Siehe auch #ENTFOLGEN.
XXX;This bot is not x-rated
NSFW;Dieser Bot ist Safe for Work
BLACKLIST;Einige K√ºrzel, die h√§ufig in anderem Kontext verwendet werden, werden nur mit vorangestelltem DS: beantwortet (z.B. #DS:WLAN). Siehe https://ds100.frankfurtium.de/dumps/blacklist.html
NEUEDATEN,BEITRAGEN;Neue Datenlisten f√ºr Betriebsstellen, Signalnamen, Streckenlisten etc. sind gerne gesehen. Am besten bei #GITHUB ein neues Issue erstellen und einschicken. F√ºr Details siehe https://ds100.frankfurtium.de/contribute.html
POSIX;Die Twitter-Schnittstelle zu diesem Bot ist nicht POSIX-Kompatibel. Siehe #HELP.
PEOPLE;Der echte Mensch hinter dem Bot ist @baeuchle. @fips_schneider hilft manchmal aus.
ANTIGNOSE;Der Vorhersagealgorithmus f√ºr Versp√§tungen der Deutschen Bahn. *Pro*gnose kann man das n√§mlich nicht nennen.
COVID19,SARS COV 2,CORONA;Dieser Bot ist offiziell Virusfrei‚Ñ¢ und immun. Kuscheln, H√§ndchenhalten etc. ist erlaubt. Bitte nicht anniesen (weil ist eklig). Lasst euch impfen, sobald ihr die Gelegenheit bekommt!
ASTRA ZENECA;Ist sicher. Sollte sofort weiterverimpft werden!
PRIDE;Pride ist nicht Diskriminierung Heterosexueller. Ein üè≥Ô∏è‚Äçüåàüåà ist ein Zeichen der Inklusion. Der Bot hei√üt alle Willkommen au√üer Nazis.
